Date,Median Sale Price,Average Sale Price,County
Jan 2001,393638.73,646535.35,Fairfield
Feb 2001,374604.75,652568.27,Fairfield
Mar 2001,400118.38,619265.04,Fairfield
Apr 2001,396878.55,617362.17,Fairfield
May 2001,427616.39,613559.53,Fairfield
Jun 2001,453575.49,689000.49,Fairfield
Jul 2001,461675.05,698997.41,Fairfield
Aug 2001,477064.22,730031.12,Fairfield
Sep 2001,417937.41,612745.04,Fairfield
Oct 2001,396878.55,572847.76,Fairfield
Nov 2001,417937.41,572579.86,Fairfield
Dec 2001,413077.67,633079.30,Fairfield
Jan 2002,430506.89,633222.73,Fairfield
Feb 2002,397023.02,604258.22,Fairfield
Mar 2002,441668.18,684075.45,Fairfield
Apr 2002,446451.59,638218.00,Fairfield
May 2002,478340.99,740853.21,Fairfield
Jun 2002,559499.52,804360.38,Fairfield
Jul 2002,534147.44,828354.97,Fairfield
Aug 2002,540525.32,753016.07,Fairfield
Sep 2002,462396.29,696420.06,Fairfield
Oct 2002,486313.34,667295.11,Fairfield
Nov 2002,462396.29,678106.03,Fairfield
Dec 2002,478340.99,651593.34,Fairfield
Jan 2003,441877.89,680759.56,Fairfield
Feb 2003,446943.51,616872.15,Fairfield
Mar 2003,452009.13,615925.51,Fairfield
Apr 2003,482324.92,660822.87,Fairfield
May 2003,506561.96,721155.28,Fairfield
Jun 2003,544748.93,753881.74,Fairfield
Jul 2003,553321.52,800517.24,Fairfield
Aug 2003,556438.83,839578.22,Fairfield
Sep 2003,522148.48,743777.11,Fairfield
Oct 2003,498768.70,727960.59,Fairfield
Nov 2003,490975.43,738507.85,Fairfield
Dec 2003,529941.74,751867.16,Fairfield
Jan 2004,516172.46,796876.58,Fairfield
Feb 2004,498713.69,781610.05,Fairfield
Mar 2004,508581.69,750256.95,Fairfield
Apr 2004,557162.63,879050.62,Fairfield
May 2004,563994.33,882326.76,Fairfield
Jun 2004,599670.95,909539.20,Fairfield
Jul 2004,651288.20,926312.20,Fairfield
Aug 2004,645215.58,960573.16,Fairfield
Sep 2004,606123.11,890448.43,Fairfield
Oct 2004,558680.79,836144.70,Fairfield
Nov 2004,569307.87,840208.02,Fairfield
Dec 2004,570826.02,833972.52,Fairfield
Jan 2005,558113.49,866319.16,Fairfield
Feb 2005,543426.29,905319.18,Fairfield
Mar 2005,587487.88,869428.62,Fairfield
Apr 2005,603643.80,877453.18,Fairfield
May 2005,631549.47,918725.08,Fairfield
Jun 2005,653580.27,990540.03,Fairfield
Jul 2005,690298.26,1002138.07,Fairfield
Aug 2005,675611.06,1062096.06,Fairfield
Sep 2005,624205.87,942923.72,Fairfield
Oct 2005,602175.08,900333.41,Fairfield
Nov 2005,598503.28,885970.57,Fairfield
Dec 2005,627877.67,944643.54,Fairfield
Jan 2006,583378.11,907740.27,Fairfield
Feb 2006,579820.93,893715.02,Fairfield
Mar 2006,583378.11,905617.74,Fairfield
Apr 2006,569149.38,898961.56,Fairfield
May 2006,605432.65,943326.12,Fairfield
Jun 2006,661636.15,1014677.43,Fairfield
Jul 2006,654521.78,985408.95,Fairfield
Aug 2006,633178.68,948494.82,Fairfield
Sep 2006,569149.38,851809.69,Fairfield
Oct 2006,583378.11,822849.24,Fairfield
Nov 2006,580532.37,828167.04,Fairfield
Dec 2006,562035.01,897774.53,Fairfield
Jan 2007,567099.24,973922.28,Fairfield
Feb 2007,575398.26,886031.48,Fairfield
Mar 2007,574015.09,961757.90,Fairfield
Apr 2007,610669.06,978828.05,Fairfield
May 2007,627612.88,1030888.87,Fairfield
Jun 2007,684668.60,1081431.18,Fairfield
Jul 2007,691584.44,1105793.70,Fairfield
Aug 2007,657005.22,1013358.64,Fairfield
Sep 2007,553267.55,913088.37,Fairfield
Oct 2007,567099.24,852946.48,Fairfield
Nov 2007,591996.28,1001953.16,Fairfield
Dec 2007,553267.55,871493.74,Fairfield
Jan 2008,486304.36,736161.96,Fairfield
Feb 2008,526274.58,862800.72,Fairfield
Mar 2008,506289.47,829519.86,Fairfield
Apr 2008,519612.88,873191.30,Fairfield
May 2008,554253.73,875796.01,Fairfield
Jun 2008,576237.36,930285.57,Fairfield
Jul 2008,672832.06,958049.72,Fairfield
Aug 2008,583565.23,961542.32,Fairfield
Sep 2008,512951.17,756263.98,Fairfield
Oct 2008,512951.17,720543.18,Fairfield
Nov 2008,459657.54,675053.73,Fairfield
Dec 2008,430679.13,627849.51,Fairfield
Jan 2009,413868.51,617320.28,Fairfield
Feb 2009,400986.80,598301.05,Fairfield
Mar 2009,422372.77,687052.79,Fairfield
Apr 2009,447768.60,646309.20,Fairfield
May 2009,454451.71,670175.98,Fairfield
Jun 2009,521282.85,762868.65,Fairfield
Jul 2009,553361.79,853901.33,Fairfield
Aug 2009,534649.07,817914.35,Fairfield
Sep 2009,461134.82,752773.49,Fairfield
Oct 2009,467817.94,765865.86,Fairfield
Nov 2009,447768.60,671193.87,Fairfield
Dec 2009,481184.17,734142.65,Fairfield
Jan 2010,493162.56,774190.14,Fairfield
Feb 2010,394530.05,637585.61,Fairfield
Mar 2010,460285.05,702150.59,Fairfield
Apr 2010,480011.56,794322.58,Fairfield
May 2010,482641.76,762596.33,Fairfield
Jun 2010,536560.86,811457.63,Fairfield
Jul 2010,624672.57,1001329.21,Fairfield
Aug 2010,558917.56,871444.50,Fairfield
Sep 2010,486587.06,806250.18,Fairfield
Oct 2010,483956.86,754519.21,Fairfield
Nov 2010,486587.06,728777.29,Fairfield
Dec 2010,466860.55,821922.50,Fairfield
Jan 2011,468587.29,796306.21,Fairfield
Feb 2011,414396.93,725002.72,Fairfield
Mar 2011,443723.48,712753.68,Fairfield
Apr 2011,478150.30,821677.76,Fairfield
May 2011,504926.72,908453.77,Fairfield
Jun 2011,567405.02,920584.14,Fairfield
Jul 2011,535082.06,797564.24,Fairfield
Aug 2011,531703.13,814403.12,Fairfield
Sep 2011,484464.43,763204.11,Fairfield
Oct 2011,383795.31,597748.56,Fairfield
Nov 2011,376144.90,653940.78,Fairfield
Dec 2011,401646.25,651872.19,Fairfield
Jan 2012,374750.94,628277.03,Fairfield
Feb 2012,370066.55,591216.80,Fairfield
Mar 2012,412226.03,649021.94,Fairfield
Apr 2012,424717.73,625875.57,Fairfield
May 2012,455946.97,703048.67,Fairfield
Jun 2012,562001.49,830398.35,Fairfield
Jul 2012,530897.16,815535.44,Fairfield
Aug 2012,499667.92,797630.54,Fairfield
Sep 2012,455946.97,755897.75,Fairfield
Oct 2012,415973.54,635706.70,Fairfield
Nov 2012,443455.28,694466.96,Fairfield
Dec 2012,462192.82,889637.84,Fairfield
Jan 2013,369336.57,633861.01,Fairfield
Feb 2013,390881.20,709663.55,Fairfield
Mar 2013,400114.62,649497.82,Fairfield
Apr 2013,430892.66,676173.23,Fairfield
May 2013,512146.71,806876.54,Fairfield
Jun 2013,554004.85,867163.49,Fairfield
Jul 2013,520764.56,786180.78,Fairfield
Aug 2013,501017.98,759816.78,Fairfield
Sep 2013,437048.27,668987.86,Fairfield
Oct 2013,395190.13,569903.15,Fairfield
Nov 2013,418581.44,675809.53,Fairfield
Dec 2013,429661.54,736754.41,Fairfield
Jan 2014,391633.46,629996.15,Fairfield
Feb 2014,363464.93,620459.37,Fairfield
Mar 2014,363464.93,595636.94,Fairfield
Apr 2014,426569.71,667152.96,Fairfield
May 2014,450696.51,729856.65,Fairfield
Jun 2014,509911.00,765573.79,Fairfield
Jul 2014,502793.15,777957.99,Fairfield
Aug 2014,511274.00,815134.81,Fairfield
Sep 2014,423436.64,617804.07,Fairfield
Oct 2014,405869.17,652924.21,Fairfield
Nov 2014,424042.41,661414.86,Fairfield
Dec 2014,428585.73,687448.25,Fairfield
Jan 2015,403196.93,628817.46,Fairfield
Feb 2015,407193.23,621820.47,Fairfield
Mar 2015,393277.26,610164.03,Fairfield
Apr 2015,423529.36,682893.27,Fairfield
May 2015,484033.56,705415.69,Fairfield
Jun 2015,471932.72,775263.29,Fairfield
Jul 2015,496739.44,783449.39,Fairfield
Aug 2015,447731.04,709604.70,Fairfield
Sep 2015,421109.19,649201.14,Fairfield
Oct 2015,453781.46,682486.58,Fairfield
Nov 2015,387787.11,598474.17,Fairfield
Dec 2015,391341.13,595891.45,Fairfield
Jan 2016,388355.40,625406.57,Fairfield
Feb 2016,386801.98,606171.41,Fairfield
Mar 2016,379094.62,592817.29,Fairfield
Apr 2016,406279.50,619528.45,Fairfield
May 2016,423830.17,628468.09,Fairfield
Jun 2016,463039.13,727062.26,Fairfield
Jul 2016,448102.39,649397.19,Fairfield
Aug 2016,442008.19,620810.30,Fairfield
Sep 2016,430178.29,621861.04,Fairfield
Oct 2016,388355.40,564580.51,Fairfield
Nov 2016,418228.89,613043.91,Fairfield
Dec 2016,400006.06,580707.00,Fairfield
Jan 2017,386100.58,596125.32,Fairfield
Feb 2017,374400.56,587602.77,Fairfield
Mar 2017,380250.57,579329.39,Fairfield
Apr 2017,447525.67,648556.12,Fairfield
May 2017,442260.66,620110.22,Fairfield
Jun 2017,471510.71,688016.85,Fairfield
Jul 2017,438750.66,669160.40,Fairfield
Aug 2017,444600.67,675657.50,Fairfield
Sep 2017,434655.65,624907.26,Fairfield
Oct 2017,397742.10,553744.31,Fairfield
Nov 2017,415350.62,616347.83,Fairfield
Dec 2017,438692.16,687614.07,Fairfield
Jan 2018,388330.15,567657.81,Fairfield
Feb 2018,411173.10,652729.96,Fairfield
Mar 2018,382619.41,632160.07,Fairfield
Apr 2018,415741.69,694218.29,Fairfield
May 2018,433901.84,638537.52,Fairfield
Jun 2018,476532.49,719199.48,Fairfield
Jul 2018,479701.95,728260.72,Fairfield
Aug 2018,479701.95,854204.84,Fairfield
Sep 2018,411173.10,637166.67,Fairfield
Oct 2018,376908.68,546398.79,Fairfield
Nov 2018,399751.63,590404.55,Fairfield
Dec 2018,411173.10,615166.50,Fairfield
Jan 2019,383665.98,566334.67,Fairfield
Feb 2019,342158.25,486711.63,Fairfield
Mar 2019,381422.32,551261.90,Fairfield
Apr 2019,394884.28,589863.20,Fairfield
May 2019,420686.38,621011.73,Fairfield
Jun 2019,457145.86,681467.59,Fairfield
Jul 2019,448732.14,639998.14,Fairfield
Aug 2019,448732.14,658943.21,Fairfield
Sep 2019,409468.07,591209.61,Fairfield
Oct 2019,380861.40,544135.11,Fairfield
Nov 2019,398249.77,611127.78,Fairfield
Dec 2019,415077.23,583343.52,Fairfield
Jan 2020,398878.91,628155.09,Fairfield
Feb 2020,376718.97,535472.90,Fairfield
Mar 2020,415498.87,587712.86,Fairfield
Apr 2020,421038.85,558683.72,Fairfield
May 2020,463696.74,678169.05,Fairfield
Jun 2020,516326.60,812098.96,Fairfield
Jul 2020,576158.43,844661.05,Fairfield
Aug 2020,583914.40,873383.34,Fairfield
Sep 2020,569510.45,877096.38,Fairfield
Oct 2020,542918.50,801842.07,Fairfield
Nov 2020,512448.60,761558.39,Fairfield
Dec 2020,544026.50,818193.68,Fairfield
Jan 2021,465170.40,649367.17,Fairfield
Feb 2021,467816.40,761694.09,Fairfield
Mar 2021,470991.60,746335.24,Fairfield
Apr 2021,486761.90,806382.13,Fairfield
May 2021,554605.90,899244.29,Fairfield
Jun 2021,571540.40,892450.26,Fairfield
Jul 2021,582124.50,938128.29,Fairfield
Aug 2021,555664.30,857749.84,Fairfield
Sep 2021,480517.30,733191.08,Fairfield
Oct 2021,476283.70,715522.18,Fairfield
Nov 2021,465699.60,728675.40,Fairfield
Dec 2021,497451.80,749369.46,Fairfield
Jan 2022,428000.00,688525.78,Fairfield
Feb 2022,418000.00,662587.31,Fairfield
Mar 2022,450000.00,700287.02,Fairfield
Apr 2022,490000.00,766708.64,Fairfield
May 2022,511500.00,774102.40,Fairfield
Jun 2022,569000.00,908726.87,Fairfield
Jul 2022,575000.00,859694.83,Fairfield
Aug 2022,545000.00,874709.65,Fairfield
Sep 2022,510000.00,739345.67,Fairfield
Oct 2022,485000.00,705269.99,Fairfield
Jan 2001,204918.92,238425.89,Hartford
Feb 2001,210588.62,254943.84,Hartford
Mar 2001,205728.88,246246.94,Hartford
Apr 2001,218688.18,258598.18,Hartford
May 2001,214962.38,254276.74,Hartford
Jun 2001,221928.01,263128.44,Hartford
Jul 2001,226787.74,270048.51,Hartford
Aug 2001,234887.31,279830.34,Hartford
Sep 2001,226787.74,260205.37,Hartford
Oct 2001,226787.74,261441.01,Hartford
Nov 2001,226787.74,266665.35,Hartford
Dec 2001,223547.92,256408.87,Hartford
Jan 2002,223066.35,267167.19,Hartford
Feb 2002,207281.10,251306.64,Hartford
Mar 2002,223066.35,270639.44,Hartford
Apr 2002,215253.45,253080.00,Hartford
May 2002,227052.52,266741.62,Hartford
Jun 2002,239170.50,295993.74,Hartford
Jul 2002,246345.61,296424.78,Hartford
Aug 2002,261493.08,309074.95,Hartford
Sep 2002,247142.85,295923.49,Hartford
Oct 2002,243953.91,282996.94,Hartford
Nov 2002,247142.85,290855.57,Hartford
Dec 2002,239170.50,275162.70,Hartford
Jan 2003,233797.83,283079.05,Hartford
Feb 2003,231459.85,263847.02,Hartford
Mar 2003,227563.22,271235.30,Hartford
Apr 2003,241591.09,280467.38,Hartford
May 2003,249384.35,291343.22,Hartford
Jun 2003,257177.61,316573.45,Hartford
Jul 2003,272764.13,339796.69,Hartford
Aug 2003,272296.53,331254.61,Hartford
Sep 2003,261463.90,310668.04,Hartford
Oct 2003,258736.26,306627.75,Hartford
Nov 2003,264815.00,313575.59,Hartford
Dec 2003,264970.87,301607.09,Hartford
Jan 2004,248977.31,298150.71,Hartford
Feb 2004,250495.46,300222.36,Hartford
Mar 2004,258086.23,296084.88,Hartford
Apr 2004,262640.70,309124.87,Hartford
May 2004,273267.78,315625.29,Hartford
Jun 2004,280858.55,329285.07,Hartford
Jul 2004,296040.09,357189.62,Hartford
Aug 2004,296040.09,355625.26,Hartford
Sep 2004,280858.55,328070.84,Hartford
Oct 2004,280858.55,321392.01,Hartford
Nov 2004,287614.33,328481.16,Hartford
Dec 2004,288449.32,332218.89,Hartford
Jan 2005,276119.30,318486.85,Hartford
Feb 2005,271713.14,320943.73,Hartford
Mar 2005,274283.40,310142.08,Hartford
Apr 2005,281994.18,327160.04,Hartford
May 2005,286400.34,327502.79,Hartford
Jun 2005,308431.14,355993.32,Hartford
Jul 2005,317243.46,367747.59,Hartford
Aug 2005,330461.93,368577.05,Hartford
Sep 2005,308431.14,346644.22,Hartford
Oct 2005,314306.02,355690.65,Hartford
Nov 2005,311368.58,346882.12,Hartford
Dec 2005,315774.74,356168.46,Hartford
Jan 2006,293111.93,333019.29,Hartford
Feb 2006,298803.42,330351.50,Hartford
Mar 2006,301649.17,345612.48,Hartford
Apr 2006,305917.79,337746.40,Hartford
May 2006,313032.16,343791.42,Hartford
Jun 2006,320786.82,364620.57,Hartford
Jul 2006,327260.89,380686.62,Hartford
Aug 2006,320146.52,367589.63,Hartford
Sep 2006,320146.52,360186.06,Hartford
Oct 2006,310186.41,343979.08,Hartford
Nov 2006,313032.16,343934.48,Hartford
Dec 2006,302360.61,342811.84,Hartford
Jan 2007,297381.31,340353.67,Hartford
Feb 2007,302222.40,345122.67,Hartford
Mar 2007,311213.00,367099.89,Hartford
Apr 2007,304297.15,334287.01,Hartford
May 2007,303252.86,338408.69,Hartford
Jun 2007,320895.18,378264.04,Hartford
Jul 2007,328502.61,389403.56,Hartford
Aug 2007,328848.40,379559.71,Hartford
Sep 2007,311213.00,341470.45,Hartford
Oct 2007,304297.15,346956.53,Hartford
Nov 2007,301530.82,352421.50,Hartford
Dec 2007,290465.47,346973.05,Hartford
Jan 2008,269132.82,321011.95,Hartford
Feb 2008,266468.14,314567.83,Hartford
Mar 2008,289117.93,327710.56,Hartford
Apr 2008,283788.57,327077.67,Hartford
May 2008,273129.85,321117.52,Hartford
Jun 2008,299776.66,354359.73,Hartford
Jul 2008,301109.00,357457.29,Hartford
Aug 2008,302441.34,365809.79,Hartford
Sep 2008,282789.32,329597.14,Hartford
Oct 2008,266468.14,315664.93,Hartford
Nov 2008,271797.50,328386.84,Hartford
Dec 2008,252411.95,293969.52,Hartford
Jan 2009,247275.20,287082.17,Hartford
Feb 2009,243265.33,291854.05,Hartford
Mar 2009,247943.51,276118.68,Hartford
Apr 2009,240592.08,291953.55,Hartford
May 2009,260641.42,300220.12,Hartford
Jun 2009,288042.19,338401.08,Hartford
Jul 2009,276680.89,319526.36,Hartford
Aug 2009,277349.21,323657.08,Hartford
Sep 2009,260641.42,301434.11,Hartford
Oct 2009,256631.55,297013.09,Hartford
Nov 2009,260641.42,300846.42,Hartford
Dec 2009,259638.96,305003.00,Hartford
Jan 2010,244608.63,287078.12,Hartford
Feb 2010,239019.45,288792.96,Hartford
Mar 2010,249869.03,284201.34,Hartford
Apr 2010,245923.73,285384.67,Hartford
May 2010,261704.93,293020.19,Hartford
Jun 2010,282746.53,321635.54,Hartford
Jul 2010,269595.53,314319.86,Hartford
Aug 2010,273540.83,323771.63,Hartford
Sep 2010,249869.03,298092.00,Hartford
Oct 2010,263283.05,328017.30,Hartford
Nov 2010,272225.73,315436.42,Hartford
Dec 2010,257906.92,301880.31,Hartford
Jan 2011,229512.14,274911.72,Hartford
Feb 2011,223614.96,271581.52,Hartford
Mar 2011,224411.87,260629.05,Hartford
Apr 2011,235823.73,299300.66,Hartford
May 2011,243537.89,310069.90,Hartford
Jun 2011,261388.83,325105.48,Hartford
Jul 2011,265851.57,310901.28,Hartford
Aug 2011,262663.90,314235.17,Hartford
Sep 2011,239712.68,285731.20,Hartford
Oct 2011,239393.92,280882.53,Hartford
Nov 2011,240987.75,286758.91,Hartford
Dec 2011,229512.14,278448.88,Hartford
Jan 2012,212358.86,256177.25,Hartford
Feb 2012,201428.63,241338.29,Hartford
Mar 2012,218604.71,263390.69,Hartford
Apr 2012,226099.73,265401.65,Hartford
May 2012,231721.00,287173.19,Hartford
Jun 2012,252332.30,309422.95,Hartford
Jul 2012,256017.35,300265.36,Hartford
Aug 2012,254643.26,297272.14,Hartford
Sep 2012,226099.73,281892.78,Hartford
Oct 2012,237217.34,281623.85,Hartford
Nov 2012,221727.64,267542.81,Hartford
Dec 2012,237342.26,286960.12,Hartford
Jan 2013,221601.94,251297.18,Hartford
Feb 2013,198826.19,238656.53,Hartford
Mar 2013,206828.48,253263.71,Hartford
Apr 2013,222833.06,261871.87,Hartford
May 2013,231820.25,272004.07,Hartford
Jun 2013,252379.99,296792.71,Hartford
Jul 2013,255457.79,306297.54,Hartford
Aug 2013,248071.06,308529.34,Hartford
Sep 2013,224064.18,268563.14,Hartford
Oct 2013,227757.55,275049.84,Hartford
Nov 2013,228311.56,273324.16,Hartford
Dec 2013,215446.33,265967.45,Hartford
Jan 2014,205963.46,242953.24,Hartford
Feb 2014,198694.16,243059.92,Hartford
Mar 2014,205963.46,254703.94,Hartford
Apr 2014,221653.03,292293.69,Hartford
May 2014,220502.06,278859.18,Hartford
Jun 2014,242309.95,329136.22,Hartford
Jul 2014,238675.30,291709.49,Hartford
Aug 2014,240946.96,297608.10,Hartford
Sep 2014,224136.70,279372.96,Hartford
Oct 2014,218078.96,265406.22,Hartford
Nov 2014,224136.70,267726.59,Hartford
Dec 2014,214444.31,254632.56,Hartford
Jan 2015,193552.92,232918.20,Hartford
Feb 2015,199663.84,261350.78,Hartford
Mar 2015,217815.10,251296.62,Hartford
Apr 2015,216605.02,255368.34,Hartford
May 2015,220840.31,262363.27,Hartford
Jun 2015,254117.62,297543.89,Hartford
Jul 2015,236752.91,276799.24,Hartford
Aug 2015,235240.31,285094.47,Hartford
Sep 2015,229915.94,265692.31,Hartford
Oct 2015,208739.47,252890.70,Hartford
Nov 2015,211764.68,257359.22,Hartford
Dec 2015,215912.85,255498.80,Hartford
Jan 2016,202482.53,230988.67,Hartford
Feb 2016,199853.66,233216.20,Hartford
Mar 2016,209114.45,251115.61,Hartford
Apr 2016,215089.15,257194.94,Hartford
May 2016,233013.24,273354.28,Hartford
Jun 2016,238868.45,320331.25,Hartford
Jul 2016,244962.64,285716.76,Hartford
Aug 2016,244962.64,289926.32,Hartford
Sep 2016,233013.24,270038.98,Hartford
Oct 2016,233013.24,338438.27,Hartford
Nov 2016,215925.60,247554.00,Hartford
Dec 2016,221063.84,254628.18,Hartford
Jan 2017,210600.32,264257.50,Hartford
Feb 2017,202644.30,290839.39,Hartford
Mar 2017,205920.31,234935.77,Hartford
Apr 2017,211243.82,244720.33,Hartford
May 2017,228150.34,261363.45,Hartford
Jun 2017,239850.36,275533.79,Hartford
Jul 2017,245700.37,285642.30,Hartford
Aug 2017,234000.35,284489.94,Hartford
Sep 2017,228540.54,259500.95,Hartford
Oct 2017,224640.34,259890.31,Hartford
Nov 2017,228150.34,255279.89,Hartford
Dec 2017,222300.33,255181.24,Hartford
Jan 2018,197020.44,230891.65,Hartford
Feb 2018,195604.18,221164.67,Hartford
Mar 2018,212153.90,247415.78,Hartford
Apr 2018,217008.03,252846.60,Hartford
May 2018,228429.50,262450.08,Hartford
Jun 2018,251272.45,280264.42,Hartford
Jul 2018,256868.97,294875.58,Hartford
Aug 2018,244419.57,284922.84,Hartford
Sep 2018,207870.85,243915.05,Hartford
Oct 2018,217008.03,250854.08,Hartford
Nov 2018,210440.68,253044.54,Hartford
Dec 2018,225003.06,261453.88,Hartford
Jan 2019,196320.31,231831.77,Hartford
Feb 2019,201929.46,223610.30,Hartford
Mar 2019,213147.76,246334.14,Hartford
Apr 2019,224366.07,252639.72,Hartford
May 2019,231097.05,263071.57,Hartford
Jun 2019,243437.18,275271.37,Hartford
Jul 2019,252411.83,290471.67,Hartford
Aug 2019,241193.52,271852.92,Hartford
Sep 2019,229975.22,264835.77,Hartford
Oct 2019,234462.54,256104.02,Hartford
Nov 2019,221000.58,249847.78,Hartford
Dec 2019,224366.07,253723.20,Hartford
Jan 2020,216059.41,247809.82,Hartford
Feb 2020,207749.43,234651.23,Hartford
Mar 2020,227139.38,248927.39,Hartford
Apr 2020,248191.32,268348.37,Hartford
May 2020,243759.34,273661.41,Hartford
Jun 2020,254839.30,287181.72,Hartford
Jul 2020,262484.50,290018.82,Hartford
Aug 2020,271403.90,306050.54,Hartford
Sep 2020,264811.30,298505.97,Hartford
Oct 2020,271459.30,294412.44,Hartford
Nov 2020,260379.30,289906.88,Hartford
Dec 2020,260379.30,303906.72,Hartford
Jan 2021,245286.10,280284.71,Hartford
Feb 2021,238141.80,263796.13,Hartford
Mar 2021,243433.90,272931.38,Hartford
Apr 2021,255076.40,293072.84,Hartford
May 2021,264602.00,305034.34,Hartford
Jun 2021,275186.10,315118.55,Hartford
Jul 2021,283653.40,322497.39,Hartford
Aug 2021,293179.10,333010.10,Hartford
Sep 2021,273069.30,303521.67,Hartford
Oct 2021,264602.00,306663.03,Hartford
Nov 2021,274127.70,300767.08,Hartford
Dec 2021,269894.10,302911.33,Hartford
Jan 2022,247750.00,266498.85,Hartford
Feb 2022,247000.00,270960.73,Hartford
Mar 2022,241000.00,271746.18,Hartford
Apr 2022,270000.00,300980.53,Hartford
May 2022,282000.00,323094.84,Hartford
Jun 2022,290000.00,336313.35,Hartford
Jul 2022,290000.00,335284.53,Hartford
Aug 2022,290000.00,338625.64,Hartford
Sep 2022,280000.00,324348.11,Hartford
Oct 2022,280000.00,316926.28,Hartford
Jan 2001,218688.18,306676.14,Litchfield
Feb 2001,205566.89,318415.67,Litchfield
Mar 2001,212208.53,313218.81,Litchfield
Apr 2001,226787.74,292300.15,Litchfield
May 2001,221928.01,313448.42,Litchfield
Jun 2001,245376.24,307868.48,Litchfield
Jul 2001,246226.69,299439.07,Litchfield
Aug 2001,248656.56,363656.08,Litchfield
Sep 2001,228124.17,300346.89,Litchfield
Oct 2001,226787.74,276170.95,Litchfield
Nov 2001,223547.92,303628.53,Litchfield
Dec 2001,242986.87,325261.29,Litchfield
Jan 2002,226813.35,319066.65,Litchfield
Feb 2002,236778.79,336677.58,Litchfield
Mar 2002,250331.79,323349.08,Litchfield
Apr 2002,230002.29,296338.59,Litchfield
May 2002,235981.56,330192.28,Litchfield
Jun 2002,243953.91,303416.35,Litchfield
Jul 2002,242359.44,333837.37,Litchfield
Aug 2002,255115.20,323200.80,Litchfield
Sep 2002,247142.85,322573.51,Litchfield
Oct 2002,253441.00,325420.98,Litchfield
Nov 2002,239170.50,313400.03,Litchfield
Dec 2002,263087.55,382445.08,Litchfield
Jan 2003,264191.54,356045.42,Litchfield
Feb 2003,245643.58,298791.09,Litchfield
Mar 2003,230680.52,313477.41,Litchfield
Apr 2003,238863.45,318136.71,Litchfield
May 2003,257177.61,358706.22,Litchfield
Jun 2003,256398.28,344995.10,Litchfield
Jul 2003,280557.39,356840.83,Litchfield
Aug 2003,290688.63,362106.48,Litchfield
Sep 2003,288350.65,373995.22,Litchfield
Oct 2003,277120.56,343243.65,Litchfield
Nov 2003,296143.91,376970.12,Litchfield
Dec 2003,268088.17,322566.63,Litchfield
Jan 2004,296040.09,342179.56,Litchfield
Feb 2004,258086.23,382844.04,Litchfield
Mar 2004,291106.09,366700.87,Litchfield
Apr 2004,297558.24,399461.14,Litchfield
May 2004,294521.94,386518.42,Litchfield
Jun 2004,289398.16,396670.70,Litchfield
Jul 2004,322607.79,395985.46,Litchfield
Aug 2004,303554.95,378111.13,Litchfield
Sep 2004,296040.09,407460.51,Litchfield
Oct 2004,303630.86,395334.18,Litchfield
Nov 2004,303630.86,374109.95,Litchfield
Dec 2004,288449.32,398223.84,Litchfield
Jan 2005,315774.74,418601.49,Litchfield
Feb 2005,273916.22,417867.12,Litchfield
Mar 2005,280305.15,395009.23,Litchfield
Apr 2005,309532.68,415059.25,Litchfield
May 2005,323118.33,410802.60,Litchfield
Jun 2005,345149.13,421870.38,Litchfield
Jul 2005,341734.36,440514.78,Litchfield
Aug 2005,345149.13,414528.93,Litchfield
Sep 2005,348086.57,449595.57,Litchfield
Oct 2005,351391.19,465104.64,Litchfield
Nov 2005,359836.33,475936.06,Litchfield
Dec 2005,328846.34,422053.55,Litchfield
Jan 2006,338501.59,438631.78,Litchfield
Feb 2006,311609.28,417055.83,Litchfield
Mar 2006,320146.52,389556.77,Litchfield
Apr 2006,304494.92,372996.40,Litchfield
May 2006,321569.40,409681.12,Litchfield
Jun 2006,353584.05,396787.75,Litchfield
Jul 2006,305917.79,375529.93,Litchfield
Aug 2006,327260.89,423579.29,Litchfield
Sep 2006,326549.46,429954.67,Litchfield
Oct 2006,327260.89,419679.41,Litchfield
Nov 2006,318723.65,429513.26,Litchfield
Dec 2006,317300.78,449258.44,Litchfield
Jan 2007,338876.38,457805.08,Litchfield
Feb 2007,275942.19,381506.59,Litchfield
Mar 2007,309276.56,386012.44,Litchfield
Apr 2007,332652.12,404924.30,Litchfield
May 2007,345792.22,442203.37,Litchfield
Jun 2007,357480.00,444388.91,Litchfield
Jul 2007,340121.23,437187.09,Litchfield
Aug 2007,336110.04,424754.88,Litchfield
Sep 2007,307063.49,406761.31,Litchfield
Oct 2007,292194.43,412455.08,Litchfield
Nov 2007,297381.31,411028.15,Litchfield
Dec 2007,260600.08,333593.37,Litchfield
Jan 2008,292049.08,405990.92,Litchfield
Feb 2008,326423.47,404221.46,Litchfield
Mar 2008,352404.12,431540.69,Litchfield
Apr 2008,291782.62,369928.84,Litchfield
May 2008,299776.66,395203.24,Litchfield
Jun 2008,275128.36,367270.70,Litchfield
Jul 2008,288285.22,372613.75,Litchfield
Aug 2008,278792.29,371447.41,Litchfield
Sep 2008,291782.62,345879.90,Litchfield
Oct 2008,283122.40,432874.91,Litchfield
Nov 2008,257141.76,302714.40,Litchfield
Dec 2008,227830.26,289781.54,Litchfield
Jan 2009,241880.59,311956.28,Litchfield
Feb 2009,216216.09,327475.70,Litchfield
Mar 2009,247275.20,334313.67,Litchfield
Apr 2009,215196.25,270269.61,Litchfield
May 2009,253958.31,307493.30,Litchfield
Jun 2009,294056.99,349507.91,Litchfield
Jul 2009,277349.21,396737.54,Litchfield
Aug 2009,255294.93,352475.49,Litchfield
Sep 2009,279287.31,360862.08,Litchfield
Oct 2009,274007.65,352764.66,Litchfield
Nov 2009,244601.95,371210.44,Litchfield
Dec 2009,247275.20,325690.69,Litchfield
Jan 2010,252170.45,367820.50,Litchfield
Feb 2010,221923.15,580554.78,Litchfield
Mar 2010,251841.68,428740.07,Litchfield
Apr 2010,241978.43,346379.26,Litchfield
May 2010,271502.43,373438.28,Litchfield
Jun 2010,255786.98,380349.32,Litchfield
Jul 2010,231128.85,342568.04,Litchfield
Aug 2010,284061.63,392938.70,Litchfield
Sep 2010,293924.88,405267.80,Litchfield
Oct 2010,253156.78,390592.26,Litchfield
Nov 2010,255129.43,415044.34,Litchfield
Dec 2010,248553.93,345521.57,Litchfield
Jan 2011,255013.49,478584.74,Litchfield
Feb 2011,239075.15,380744.28,Litchfield
Mar 2011,237736.33,362249.56,Litchfield
Apr 2011,248638.16,302822.52,Litchfield
May 2011,248574.40,365696.92,Litchfield
Jun 2011,256288.56,319138.07,Litchfield
Jul 2011,280514.84,331311.31,Litchfield
Aug 2011,232699.81,331393.73,Litchfield
Sep 2011,219885.38,291822.31,Litchfield
Oct 2011,228237.08,312235.24,Litchfield
Nov 2011,247044.32,327640.69,Litchfield
Dec 2011,220395.41,290369.71,Litchfield
Jan 2012,202677.80,332475.46,Litchfield
Feb 2012,202990.09,262337.10,Litchfield
Mar 2012,187375.47,246664.15,Litchfield
Apr 2012,214388.77,280054.83,Litchfield
May 2012,249833.96,328842.43,Litchfield
Jun 2012,231096.41,306594.23,Litchfield
Jul 2012,221727.64,301017.87,Litchfield
Aug 2012,242963.52,296557.99,Litchfield
Sep 2012,212358.86,291679.31,Litchfield
Oct 2012,224725.65,281316.76,Litchfield
Nov 2012,206737.60,318315.71,Litchfield
Dec 2012,210734.94,317045.89,Litchfield
Jan 2013,211752.97,259480.69,Litchfield
Feb 2013,200672.87,271537.54,Litchfield
Mar 2013,201903.99,280634.00,Litchfield
Apr 2013,212368.53,267666.73,Litchfield
May 2013,233913.16,317892.25,Litchfield
Jun 2013,232004.92,360166.76,Litchfield
Jul 2013,242838.79,390107.37,Litchfield
Aug 2013,263152.31,358295.21,Litchfield
Sep 2013,233297.60,330936.13,Litchfield
Oct 2013,208059.60,303397.60,Litchfield
Nov 2013,227757.55,330371.84,Litchfield
Dec 2013,217293.01,320112.41,Litchfield
Jan 2014,195786.44,270622.62,Litchfield
Feb 2014,191424.86,267826.99,Litchfield
Mar 2014,224136.70,320452.77,Litchfield
Apr 2014,193847.96,260390.47,Litchfield
May 2014,228255.97,317280.83,Litchfield
Jun 2014,251093.69,326176.78,Litchfield
Jul 2014,215655.86,306972.12,Litchfield
Aug 2014,230194.45,282032.41,Litchfield
Sep 2014,227771.35,335410.96,Litchfield
Oct 2014,212021.21,312466.65,Litchfield
Nov 2014,207780.78,316970.84,Litchfield
Dec 2014,213232.76,354661.10,Litchfield
Jan 2015,185142.84,242737.19,Litchfield
Feb 2015,171771.41,328594.88,Litchfield
Mar 2015,200268.88,319345.78,Litchfield
Apr 2015,194823.51,285363.27,Litchfield
May 2015,238386.53,311966.07,Litchfield
Jun 2015,225831.91,357333.83,Litchfield
Jul 2015,234756.28,285001.20,Litchfield
Aug 2015,211704.18,282619.92,Litchfield
Sep 2015,217754.60,297007.96,Litchfield
Oct 2015,211764.68,271414.35,Litchfield
Nov 2015,207529.39,358060.66,Litchfield
Dec 2015,212974.76,315957.46,Litchfield
Jan 2016,197105.30,296333.37,Litchfield
Feb 2016,184618.18,230221.78,Litchfield
Mar 2016,197165.05,258095.14,Litchfield
Apr 2016,209114.45,277672.87,Litchfield
May 2016,223453.72,342575.36,Litchfield
Jun 2016,227038.54,309225.32,Litchfield
Jul 2016,244365.17,327335.48,Litchfield
Aug 2016,237793.00,314444.69,Litchfield
Sep 2016,222258.78,292248.69,Litchfield
Oct 2016,220466.37,292966.81,Litchfield
Nov 2016,213296.74,301013.66,Litchfield
Dec 2016,212101.80,292531.99,Litchfield
Jan 2017,196560.29,337991.62,Litchfield
Feb 2017,215865.32,272095.85,Litchfield
Mar 2017,193050.29,268450.94,Litchfield
Apr 2017,221715.33,348209.10,Litchfield
May 2017,215932.60,281538.14,Litchfield
Jun 2017,213525.32,274669.08,Litchfield
Jul 2017,234000.35,287787.14,Litchfield
Aug 2017,239733.36,300273.44,Litchfield
Sep 2017,202410.30,248164.89,Litchfield
Oct 2017,257283.39,343253.71,Litchfield
Nov 2017,234000.35,289255.84,Litchfield
Dec 2017,224640.34,271927.50,Litchfield
Jan 2018,201303.50,238398.18,Litchfield
Feb 2018,184285.50,265736.07,Litchfield
Mar 2018,179831.12,226595.74,Litchfield
Apr 2018,208441.92,251720.59,Litchfield
May 2018,225859.67,296417.03,Litchfield
Jun 2018,229229.00,339276.87,Litchfield
Jul 2018,246132.79,299877.01,Litchfield
Aug 2018,225602.68,275133.47,Litchfield
Sep 2018,225003.06,265242.51,Litchfield
Oct 2018,226145.21,301385.57,Litchfield
Nov 2018,199875.81,275713.56,Litchfield
Dec 2018,211525.72,288640.43,Litchfield
Jan 2019,195703.30,306003.16,Litchfield
Feb 2019,168274.55,213694.62,Litchfield
Mar 2019,196320.31,258065.28,Litchfield
Apr 2019,200807.63,367921.20,Litchfield
May 2019,213147.76,274742.17,Litchfield
Jun 2019,241193.52,292455.88,Litchfield
Jul 2019,236821.75,293740.96,Litchfield
Aug 2019,235584.37,281212.77,Litchfield
Sep 2019,222122.41,281361.54,Litchfield
Oct 2019,213147.76,294304.44,Litchfield
Nov 2019,229975.22,301068.08,Litchfield
Dec 2019,253253.20,299824.42,Litchfield
Jan 2020,208303.43,295848.18,Litchfield
Feb 2020,206087.44,260829.37,Litchfield
Mar 2020,210519.43,294457.00,Litchfield
Apr 2020,259271.29,384463.79,Litchfield
May 2020,250684.32,336452.21,Litchfield
Jun 2020,276999.20,422268.83,Litchfield
Jul 2020,281730.95,352066.09,Litchfield
Aug 2020,285752.40,399353.63,Litchfield
Sep 2020,290849.20,405284.41,Litchfield
Oct 2020,296666.20,402419.74,Litchfield
Nov 2020,268689.30,379811.77,Litchfield
Dec 2020,288079.20,394013.16,Litchfield
Jan 2021,248725.90,382925.21,Litchfield
Feb 2021,262485.20,333936.52,Litchfield
Mar 2021,229992.10,328762.49,Litchfield
Apr 2021,259310.00,327043.22,Litchfield
May 2021,264602.00,416899.05,Litchfield
Jun 2021,261426.80,363117.77,Litchfield
Jul 2021,280478.20,367502.51,Litchfield
Aug 2021,275186.10,355736.20,Litchfield
Sep 2021,267248.10,372894.20,Litchfield
Oct 2021,272010.90,330779.85,Litchfield
Nov 2021,273069.30,338621.25,Litchfield
Dec 2021,264496.20,356218.62,Litchfield
Jan 2022,241000.00,302974.45,Litchfield
Feb 2022,251000.00,329263.41,Litchfield
Mar 2022,250000.00,353393.07,Litchfield
Apr 2022,253500.00,376545.33,Litchfield
May 2022,260000.00,326530.31,Litchfield
Jun 2022,270000.00,346790.96,Litchfield
Jul 2022,285000.00,408192.85,Litchfield
Aug 2022,281000.00,367241.39,Litchfield
Sep 2022,285500.00,342358.37,Litchfield
Oct 2022,263500.00,367892.88,Litchfield
Jan 2001,241363.72,272237.43,Middlesex
Feb 2001,210588.62,258515.99,Middlesex
Mar 2001,257566.08,263802.12,Middlesex
Apr 2001,242986.87,273192.06,Middlesex
May 2001,242824.88,269242.49,Middlesex
Jun 2001,252706.34,294307.58,Middlesex
Jul 2001,242986.87,273468.24,Middlesex
Aug 2001,251896.39,286992.89,Middlesex
Sep 2001,275385.12,317547.49,Middlesex
Oct 2001,242986.87,277818.40,Middlesex
Nov 2001,254326.25,318919.14,Middlesex
Dec 2001,242986.87,306464.58,Middlesex
Jan 2002,247142.85,265415.61,Middlesex
Feb 2002,235582.94,284586.84,Middlesex
Mar 2002,269465.43,335195.01,Middlesex
Apr 2002,234387.09,279850.50,Middlesex
May 2002,263087.55,296732.16,Middlesex
Jun 2002,271059.90,314712.44,Middlesex
Jul 2002,275046.07,328063.23,Middlesex
Aug 2002,284612.89,363767.48,Middlesex
Sep 2002,310124.41,372140.95,Middlesex
Oct 2002,285410.13,338460.29,Middlesex
Nov 2002,259101.37,296447.40,Middlesex
Dec 2002,294976.95,352827.82,Middlesex
Jan 2003,233797.83,288758.95,Middlesex
Feb 2003,241591.09,288792.13,Middlesex
Mar 2003,294429.40,312145.60,Middlesex
Apr 2003,297858.43,341902.88,Middlesex
May 2003,280401.53,347045.24,Middlesex
Jun 2003,319523.70,382666.27,Middlesex
Jul 2003,299261.22,352348.75,Middlesex
Aug 2003,327316.96,372451.07,Middlesex
Sep 2003,303937.17,353562.60,Middlesex
Oct 2003,311730.43,382782.58,Middlesex
Nov 2003,303937.17,367635.98,Middlesex
Dec 2003,310501.44,341329.12,Middlesex
Jan 2004,285413.01,377672.41,Middlesex
Feb 2004,280858.55,411950.67,Middlesex
Mar 2004,321013.73,351792.48,Middlesex
Apr 2004,335891.64,380999.59,Middlesex
May 2004,352211.80,397823.21,Middlesex
Jun 2004,344621.03,402570.50,Middlesex
Jul 2004,371795.99,440664.32,Middlesex
Aug 2004,360561.65,429710.58,Middlesex
Sep 2004,351073.18,408814.52,Middlesex
Oct 2004,341584.72,401157.09,Middlesex
Nov 2004,368911.50,412303.85,Middlesex
Dec 2004,318812.40,394123.66,Middlesex
Jan 2005,333986.86,383617.76,Middlesex
Feb 2005,342211.69,353953.39,Middlesex
Mar 2005,302923.44,348672.39,Middlesex
Apr 2005,327524.49,360671.20,Middlesex
May 2005,350289.65,403345.46,Middlesex
Jun 2005,384562.22,430297.19,Middlesex
Jul 2005,375257.88,421143.34,Middlesex
Aug 2005,374523.52,419546.66,Middlesex
Sep 2005,385906.10,440185.56,Middlesex
Oct 2005,367179.92,429042.78,Middlesex
Nov 2005,358000.43,408293.83,Middlesex
Dec 2005,381867.12,442270.73,Middlesex
Jan 2006,355576.07,403526.32,Middlesex
Feb 2006,362832.73,413258.23,Middlesex
Mar 2006,352872.61,405424.60,Middlesex
Apr 2006,355718.36,402889.43,Middlesex
May 2006,341489.63,400252.00,Middlesex
Jun 2006,369947.10,443188.63,Middlesex
Jul 2006,392001.63,464274.37,Middlesex
Aug 2006,334375.26,378784.26,Middlesex
Sep 2006,398262.28,471376.88,Middlesex
Oct 2006,361409.85,427119.73,Middlesex
Nov 2006,396199.11,421855.56,Middlesex
Dec 2006,383464.39,448870.62,Middlesex
Jan 2007,346483.81,405648.80,Middlesex
Feb 2007,345792.22,434196.45,Middlesex
Mar 2007,338876.38,406069.63,Middlesex
Apr 2007,381754.61,420240.85,Middlesex
May 2007,335764.25,431392.66,Middlesex
Jun 2007,401118.98,462087.96,Middlesex
Jul 2007,345792.22,409213.08,Middlesex
Aug 2007,398352.64,479889.50,Middlesex
Sep 2007,337493.21,415381.76,Middlesex
Oct 2007,380371.44,408423.75,Middlesex
Nov 2007,341642.71,405987.60,Middlesex
Dec 2007,364810.79,415839.85,Middlesex
Jan 2008,333085.18,389201.61,Middlesex
Feb 2008,304772.94,343554.63,Middlesex
Mar 2008,346408.58,372713.34,Middlesex
Apr 2008,353070.29,417033.42,Middlesex
May 2008,313100.07,396649.93,Middlesex
Jun 2008,340746.14,360168.83,Middlesex
Jul 2008,338281.31,384410.46,Middlesex
Aug 2008,343743.90,384592.62,Middlesex
Sep 2008,326423.47,442794.29,Middlesex
Oct 2008,330420.50,381885.48,Middlesex
Nov 2008,305972.04,343205.21,Middlesex
Dec 2008,293114.96,351835.04,Middlesex
Jan 2009,263916.15,297593.53,Middlesex
Feb 2009,284700.63,319329.90,Middlesex
Mar 2009,280690.76,296996.74,Middlesex
Apr 2009,310764.77,345745.05,Middlesex
May 2009,294725.30,335472.51,Middlesex
Jun 2009,314239.99,427432.39,Middlesex
Jul 2009,317447.89,360056.89,Middlesex
Aug 2009,310764.77,373575.52,Middlesex
Sep 2009,300740.10,370990.56,Middlesex
Oct 2009,294056.99,359277.92,Middlesex
Nov 2009,311433.08,363242.53,Middlesex
Dec 2009,307423.22,404406.28,Middlesex
Jan 2010,286034.28,327308.98,Middlesex
Feb 2010,328117.49,387618.81,Middlesex
Mar 2010,289322.03,334324.51,Middlesex
Apr 2010,276105.28,329469.67,Middlesex
May 2010,301486.71,360016.34,Middlesex
Jun 2010,310363.64,338062.64,Middlesex
Jul 2010,302473.04,356159.19,Middlesex
Aug 2010,315624.04,338608.47,Middlesex
Sep 2010,295897.53,373501.09,Middlesex
Oct 2010,269595.53,308520.81,Middlesex
Nov 2010,331405.24,397375.69,Middlesex
Dec 2010,309048.54,355628.66,Middlesex
Jan 2011,280514.84,369115.67,Middlesex
Feb 2011,306016.19,397739.97,Middlesex
Mar 2011,325142.20,361291.21,Middlesex
Apr 2011,274777.04,354974.83,Middlesex
May 2011,334067.68,393129.97,Middlesex
Jun 2011,350643.55,443812.84,Middlesex
Jul 2011,316216.73,364386.09,Middlesex
Aug 2011,285296.35,315566.48,Middlesex
Sep 2011,302764.77,334895.42,Middlesex
Oct 2011,274139.51,317518.31,Middlesex
Nov 2011,284340.05,316133.70,Middlesex
Dec 2011,267764.17,314564.63,Middlesex
Jan 2012,235780.80,287394.10,Middlesex
Feb 2012,299800.75,345683.10,Middlesex
Mar 2012,289807.39,332382.00,Middlesex
Apr 2012,243588.11,302763.72,Middlesex
May 2012,318413.38,339664.50,Middlesex
Jun 2012,297302.41,400718.97,Middlesex
Jul 2012,309169.52,349024.29,Middlesex
Aug 2012,274817.35,311683.94,Middlesex
Sep 2012,262200.74,310792.70,Middlesex
Oct 2012,288183.47,319987.68,Middlesex
Nov 2012,259202.73,302195.15,Middlesex
Dec 2012,261326.32,334837.95,Middlesex
Jan 2013,243454.35,286267.90,Middlesex
Feb 2013,240068.77,278541.68,Middlesex
Mar 2013,252379.99,283039.73,Middlesex
Apr 2013,295346.14,325565.69,Middlesex
May 2013,252379.99,334187.62,Middlesex
Jun 2013,294669.03,323613.32,Middlesex
Jul 2013,277002.43,316799.19,Middlesex
Aug 2013,326247.30,376810.19,Middlesex
Sep 2013,283158.04,309638.23,Middlesex
Oct 2013,263460.09,322997.40,Middlesex
Nov 2013,273924.62,353552.19,Middlesex
Dec 2013,249917.74,297450.81,Middlesex
Jan 2014,268964.05,300752.36,Middlesex
Feb 2014,270478.48,291310.32,Middlesex
Mar 2014,248367.70,295699.66,Middlesex
Apr 2014,265329.40,291990.35,Middlesex
May 2014,269266.93,303765.73,Middlesex
Jun 2014,288348.84,312560.48,Middlesex
Jul 2014,284714.19,320659.97,Middlesex
Aug 2014,284714.19,311374.79,Middlesex
Sep 2014,268055.38,334096.71,Middlesex
Oct 2014,263512.07,311233.35,Middlesex
Nov 2014,278656.44,326854.87,Middlesex
Dec 2014,246853.26,294822.50,Middlesex
Jan 2015,233546.19,321318.55,Middlesex
Feb 2015,244981.48,273356.62,Middlesex
Mar 2015,248067.20,280157.31,Middlesex
Apr 2015,260168.04,298078.49,Middlesex
May 2015,278319.30,361205.07,Middlesex
Jun 2015,278319.30,308327.03,Middlesex
Jul 2015,281284.00,324313.57,Middlesex
Aug 2015,277109.21,307777.27,Middlesex
Sep 2015,258280.31,307670.57,Middlesex
Oct 2015,266823.50,302560.15,Middlesex
Nov 2015,248067.20,284715.13,Middlesex
Dec 2015,296168.03,332601.90,Middlesex
Jan 2016,259899.38,347785.59,Middlesex
Feb 2016,268861.43,294408.13,Middlesex
Mar 2016,249443.66,290018.78,Middlesex
Apr 2016,256912.03,304274.67,Middlesex
May 2016,274836.13,304525.03,Middlesex
Jun 2016,322633.72,355180.46,Middlesex
Jul 2016,274836.13,306608.33,Middlesex
Aug 2016,286785.53,328722.69,Middlesex
Sep 2016,284395.65,329678.23,Middlesex
Oct 2016,268861.43,304199.06,Middlesex
Nov 2016,269936.88,304615.61,Middlesex
Dec 2016,244962.64,292446.18,Middlesex
Jan 2017,234000.35,273109.81,Middlesex
Feb 2017,245407.87,292790.63,Middlesex
Mar 2017,270270.41,289072.24,Middlesex
Apr 2017,264420.40,270690.96,Middlesex
May 2017,270855.41,321259.30,Middlesex
Jun 2017,306540.46,322591.13,Middlesex
Jul 2017,292500.44,331171.08,Middlesex
Aug 2017,310050.46,365928.89,Middlesex
Sep 2017,274950.41,329338.52,Middlesex
Oct 2017,280800.42,314842.85,Middlesex
Nov 2017,254182.88,296425.09,Middlesex
Dec 2017,253890.38,327313.82,Middlesex
Jan 2018,243277.42,286147.76,Middlesex
Feb 2018,250130.30,287661.21,Middlesex
Mar 2018,242249.48,275969.60,Middlesex
Apr 2018,255841.04,312117.36,Middlesex
May 2018,254127.82,321464.05,Middlesex
Jun 2018,285536.88,320452.07,Middlesex
Jul 2018,277541.84,309130.02,Middlesex
Aug 2018,274058.29,306261.72,Middlesex
Sep 2018,274115.40,305352.73,Middlesex
Oct 2018,262693.93,303129.85,Middlesex
Nov 2018,264121.61,309315.89,Middlesex
Dec 2018,262693.93,299926.31,Middlesex
Jan 2019,252411.83,288344.60,Middlesex
Feb 2019,246802.67,290543.08,Middlesex
Mar 2019,270753.75,300128.42,Middlesex
Apr 2019,269239.28,365762.31,Middlesex
May 2019,263630.13,290580.81,Middlesex
Jun 2019,291114.97,330238.36,Middlesex
Jul 2019,280457.58,312693.66,Middlesex
Aug 2019,301996.73,340188.54,Middlesex
Sep 2019,274848.43,303759.12,Middlesex
Oct 2019,265312.88,332376.21,Middlesex
Nov 2019,280401.49,300665.08,Middlesex
Dec 2019,266266.43,290586.87,Middlesex
Jan 2020,254839.31,290093.55,Middlesex
Feb 2020,284644.42,334199.82,Middlesex
Mar 2020,260379.29,274752.14,Middlesex
Apr 2020,282539.23,291455.29,Middlesex
May 2020,283647.23,299658.81,Middlesex
Jun 2020,276999.20,323425.42,Middlesex
Jul 2020,302483.20,335832.24,Middlesex
Aug 2020,296943.20,336831.68,Middlesex
Sep 2020,267138.10,326329.97,Middlesex
Oct 2020,321319.10,404234.56,Middlesex
Nov 2020,326859.10,378968.90,Middlesex
Dec 2020,332399.10,385858.59,Middlesex
Jan 2021,306879.10,361959.63,Middlesex
Feb 2021,275186.10,333314.82,Middlesex
Mar 2021,283124.20,354205.02,Middlesex
Apr 2021,313288.80,363088.29,Middlesex
May 2021,338690.60,386010.82,Middlesex
Jun 2021,317522.40,348812.18,Middlesex
Jul 2021,312230.40,358098.84,Middlesex
Aug 2021,317522.40,377488.38,Middlesex
Sep 2021,317522.40,377407.53,Middlesex
Oct 2021,304292.35,378534.87,Middlesex
Nov 2021,332869.40,369835.15,Middlesex
Dec 2021,309584.40,381675.45,Middlesex
Jan 2022,262000.00,304964.38,Middlesex
Feb 2022,300000.00,374942.66,Middlesex
Mar 2022,300000.00,326203.77,Middlesex
Apr 2022,271000.00,338685.99,Middlesex
May 2022,277500.00,308954.22,Middlesex
Jun 2022,327000.00,384468.18,Middlesex
Jul 2022,325000.00,384578.00,Middlesex
Aug 2022,325000.00,378237.36,Middlesex
Sep 2022,325000.00,362447.26,Middlesex
Oct 2022,322500.00,362170.77,Middlesex
Jan 2001,194389.49,250479.73,New Haven
Feb 2001,194389.49,220641.96,New Haven
Mar 2001,197629.32,236285.35,New Haven
Apr 2001,196819.36,231951.83,New Haven
May 2001,210588.62,254754.36,New Haven
Jun 2001,218688.18,266364.72,New Haven
Jul 2001,220308.09,279729.19,New Haven
Aug 2001,226625.75,271425.78,New Haven
Sep 2001,226625.75,274420.97,New Haven
Oct 2001,220308.09,253949.44,New Haven
Nov 2001,210669.61,258737.13,New Haven
Dec 2001,219093.16,254126.81,New Haven
Jan 2002,207281.10,244635.26,New Haven
Feb 2002,205686.63,242894.35,New Haven
Mar 2002,215253.45,249238.57,New Haven
Apr 2002,213579.25,260852.16,New Haven
May 2002,218442.39,265989.52,New Haven
Jun 2002,239011.05,288561.43,New Haven
Jul 2002,239170.50,298098.38,New Haven
Aug 2002,243953.91,294314.73,New Haven
Sep 2002,243156.67,292746.13,New Haven
Oct 2002,235981.56,281839.86,New Haven
Nov 2002,239170.50,286705.16,New Haven
Dec 2002,239011.05,274559.92,New Haven
Jan 2003,226004.57,275811.95,New Haven
Feb 2003,226004.57,269560.75,New Haven
Mar 2003,238473.78,287258.57,New Haven
Apr 2003,239642.77,295998.47,New Haven
May 2003,254060.30,303330.97,New Haven
Jun 2003,263412.22,322245.94,New Haven
Jul 2003,273543.46,344881.57,New Haven
Aug 2003,272764.13,332546.37,New Haven
Sep 2003,272608.27,343710.34,New Haven
Oct 2003,255618.96,305520.85,New Haven
Nov 2003,264970.87,312116.42,New Haven
Dec 2003,261853.57,315869.14,New Haven
Jan 2004,255049.92,303201.01,New Haven
Feb 2004,235162.10,280385.84,New Haven
Mar 2004,252696.78,302267.67,New Haven
Apr 2004,258086.23,315794.01,New Haven
May 2004,275545.01,328224.65,New Haven
Jun 2004,296040.09,357692.26,New Haven
Jul 2004,292244.70,356762.82,New Haven
Aug 2004,292851.97,353087.02,New Haven
Sep 2004,295053.29,357339.91,New Haven
Oct 2004,285413.01,342320.21,New Haven
Nov 2004,293003.78,335427.65,New Haven
Dec 2004,289208.40,340088.57,New Haven
Jan 2005,279056.74,320643.71,New Haven
Feb 2005,257025.95,306539.18,New Haven
Mar 2005,275384.94,321578.31,New Haven
Apr 2005,293743.94,347868.17,New Haven
May 2005,308431.14,344768.00,New Haven
Jun 2005,322971.46,366981.13,New Haven
Jul 2005,336336.81,401156.65,New Haven
Aug 2005,335969.63,386331.22,New Haven
Sep 2005,315774.74,368240.78,New Haven
Oct 2005,326422.95,370761.76,New Haven
Nov 2005,321502.74,377981.23,New Haven
Dec 2005,326055.77,357461.42,New Haven
Jan 2006,305917.79,360029.42,New Haven
Feb 2006,305917.79,350094.58,New Haven
Mar 2006,305917.79,364446.71,New Haven
Apr 2006,320146.52,367100.29,New Haven
May 2006,327260.89,371099.13,New Haven
Jun 2006,344335.37,396818.14,New Haven
Jul 2006,341489.63,389721.40,New Haven
Aug 2006,337221.01,382763.95,New Haven
Sep 2006,327260.89,366604.99,New Haven
Oct 2006,327260.89,372968.39,New Haven
Nov 2006,316233.62,365264.46,New Haven
Dec 2006,334375.26,374430.40,New Haven
Jan 2007,290465.47,336510.76,New Haven
Feb 2007,290465.47,354611.78,New Haven
Mar 2007,311213.00,358449.89,New Haven
Apr 2007,315016.71,360457.49,New Haven
May 2007,318128.84,370729.75,New Haven
Jun 2007,336524.99,421353.10,New Haven
Jul 2007,331960.53,397395.80,New Haven
Aug 2007,331891.37,394035.72,New Haven
Sep 2007,322278.35,370791.04,New Haven
Oct 2007,304297.15,356240.54,New Haven
Nov 2007,298764.48,347869.38,New Haven
Dec 2007,300147.65,377215.54,New Haven
Jan 2008,279791.55,320582.51,New Haven
Feb 2008,283788.57,327687.25,New Haven
Mar 2008,279791.55,320771.08,New Haven
Apr 2008,291782.62,323819.02,New Haven
May 2008,286453.25,322633.43,New Haven
Jun 2008,309103.04,383922.12,New Haven
Jul 2008,309103.04,379841.15,New Haven
Aug 2008,296445.81,352645.01,New Haven
Sep 2008,285258.14,323650.42,New Haven
Oct 2008,266468.14,306095.13,New Haven
Nov 2008,253144.73,291105.30,New Haven
Dec 2008,239873.29,289377.07,New Haven
Jan 2009,233908.97,287878.02,New Haven
Feb 2009,213859.63,263922.60,New Haven
Mar 2009,233908.97,281807.73,New Haven
Apr 2009,240224.51,270812.69,New Haven
May 2009,253958.31,298252.06,New Haven
Jun 2009,255963.24,303671.84,New Haven
Jul 2009,276012.58,322712.95,New Haven
Aug 2009,267324.54,311032.00,New Haven
Sep 2009,253958.31,293311.64,New Haven
Oct 2009,253958.31,301127.93,New Haven
Nov 2009,244601.95,289337.28,New Haven
Dec 2009,244601.95,297094.58,New Haven
Jan 2010,223567.03,319492.90,New Haven
Feb 2010,230471.30,271077.41,New Haven
Mar 2010,225704.06,268890.85,New Haven
Apr 2010,247567.60,303700.97,New Haven
May 2010,236718.03,275529.68,New Haven
Jun 2010,268116.04,320452.45,New Haven
Jul 2010,243293.53,288569.50,New Haven
Aug 2010,256444.53,296150.51,New Haven
Sep 2010,236718.03,270024.97,New Haven
Oct 2010,243293.53,291104.27,New Haven
Nov 2010,232937.11,274137.05,New Haven
Dec 2010,232772.73,289647.50,New Haven
Jan 2011,216761.47,258147.41,New Haven
Feb 2011,214785.11,271485.25,New Haven
Mar 2011,184566.02,238182.35,New Haven
Apr 2011,224411.87,267145.23,New Haven
May 2011,234612.41,266335.08,New Haven
Jun 2011,242262.82,319528.41,New Haven
Jul 2011,242262.82,285825.01,New Haven
Aug 2011,232062.28,286078.11,New Haven
Sep 2011,229512.14,275879.38,New Haven
Oct 2011,200185.59,251058.80,New Haven
Nov 2011,220586.67,274713.09,New Haven
Dec 2011,207198.46,247334.19,New Haven
Jan 2012,192871.82,232152.10,New Haven
Feb 2012,186750.88,212660.73,New Haven
Mar 2012,193621.32,232810.52,New Haven
Apr 2012,216418.67,250941.09,New Haven
May 2012,216793.42,261014.34,New Haven
Jun 2012,237342.26,288226.26,New Haven
Jul 2012,225162.86,284571.52,New Haven
Aug 2012,235156.21,307254.49,New Haven
Sep 2012,218604.71,259721.58,New Haven
Oct 2012,218604.71,255953.82,New Haven
Nov 2012,218604.71,251758.11,New Haven
Dec 2012,212358.86,268282.75,New Haven
Jan 2013,188669.43,232535.07,New Haven
Feb 2013,196979.50,233279.08,New Haven
Mar 2013,190762.34,230584.86,New Haven
Apr 2013,203135.11,260109.92,New Haven
May 2013,215446.33,267002.10,New Haven
Jun 2013,227757.55,296584.66,New Haven
Jul 2013,240068.77,288471.97,New Haven
Aug 2013,240068.77,289753.36,New Haven
Sep 2013,231327.80,274676.57,New Haven
Oct 2013,225541.53,268131.23,New Haven
Nov 2013,209290.72,264724.64,New Haven
Dec 2013,208675.16,252635.63,New Haven
Jan 2014,178097.81,222236.04,New Haven
Feb 2014,182519.97,217033.40,New Haven
Mar 2014,187790.21,221535.71,New Haven
Apr 2014,194453.74,241242.81,New Haven
May 2014,206569.23,268309.81,New Haven
Jun 2014,222319.38,266049.09,New Haven
Jul 2014,230194.45,281951.35,New Haven
Aug 2014,218078.96,274183.78,New Haven
Sep 2014,193847.96,256457.26,New Haven
Oct 2014,204751.91,245680.97,New Haven
Nov 2014,202934.58,258620.51,New Haven
Dec 2014,187790.21,244369.72,New Haven
Jan 2015,187563.00,230109.57,New Haven
Feb 2015,178789.90,222696.24,New Haven
Mar 2015,181512.58,219364.46,New Haven
Apr 2015,193008.38,240625.81,New Haven
May 2015,204201.66,248670.47,New Haven
Jun 2015,229915.94,278577.28,New Haven
Jul 2015,223865.52,276300.35,New Haven
Aug 2015,235966.36,300610.36,New Haven
Sep 2015,214487.37,258732.24,New Haven
Oct 2015,205714.26,253834.67,New Haven
Nov 2015,191072.25,231126.06,New Haven
Dec 2015,199663.84,238419.32,New Haven
Jan 2016,203737.22,242703.09,New Haven
Feb 2016,188203.00,227879.91,New Haven
Mar 2016,194177.70,234589.71,New Haven
Apr 2016,191190.35,233459.43,New Haven
May 2016,220346.88,255439.40,New Haven
Jun 2016,238987.94,278797.84,New Haven
Jul 2016,238987.94,275342.52,New Haven
Aug 2016,231818.30,271903.31,New Haven
Sep 2016,217238.84,249693.73,New Haven
Oct 2016,215089.15,251751.06,New Haven
Nov 2016,218434.98,262751.85,New Haven
Dec 2016,221063.84,267838.93,New Haven
Jan 2017,198900.30,241955.16,New Haven
Feb 2017,193050.29,228192.33,New Haven
Mar 2017,186966.28,230583.54,New Haven
Apr 2017,189540.28,223854.69,New Haven
May 2017,214987.82,250575.05,New Haven
Jun 2017,235170.35,276243.49,New Haven
Jul 2017,239850.36,276512.42,New Haven
Aug 2017,245700.37,392835.31,New Haven
Sep 2017,222300.33,265517.64,New Haven
Oct 2017,234000.35,275825.96,New Haven
Nov 2017,218205.33,264969.18,New Haven
Dec 2017,209371.81,248243.41,New Haven
Jan 2018,199875.81,245660.99,New Haven
Feb 2018,194165.08,231360.21,New Haven
Mar 2018,206157.62,259330.12,New Haven
Apr 2018,220330.53,247283.28,New Haven
May 2018,216893.81,258465.78,New Haven
Jun 2018,250137.73,300232.89,New Haven
Jul 2018,248988.16,356600.87,New Haven
Aug 2018,240338.10,284771.73,New Haven
Sep 2018,222718.76,259714.64,New Haven
Oct 2018,217008.03,254861.38,New Haven
Nov 2018,205586.55,242223.83,New Haven
Dec 2018,211582.82,252366.73,New Haven
Jan 2019,190711.16,229146.73,New Haven
Feb 2019,190711.16,227237.29,New Haven
Mar 2019,207538.61,237863.57,New Haven
Apr 2019,218756.92,259734.14,New Haven
May 2019,224366.07,277058.83,New Haven
Jun 2019,246802.67,291119.94,New Haven
Jul 2019,241193.52,282496.81,New Haven
Aug 2019,246802.67,281807.58,New Haven
Sep 2019,224366.07,253772.57,New Haven
Oct 2019,230255.68,264676.87,New Haven
Nov 2019,218756.92,251648.42,New Haven
Dec 2019,219250.52,252771.29,New Haven
Jan 2020,204979.44,234381.26,New Haven
Feb 2020,199439.46,246980.32,New Haven
Mar 2020,234895.36,275955.67,New Haven
Apr 2020,263088.34,297045.47,New Haven
May 2020,271459.26,299673.33,New Haven
Jun 2020,251238.30,290418.58,New Haven
Jul 2020,265919.30,312746.65,New Haven
Aug 2020,271459.30,308986.61,New Haven
Sep 2020,282539.20,313873.09,New Haven
Oct 2020,279215.20,320202.32,New Haven
Nov 2020,271459.30,311344.66,New Haven
Dec 2020,275891.20,326270.75,New Haven
Jan 2021,245550.70,280270.27,New Haven
Feb 2021,244714.55,281174.69,New Haven
Mar 2021,254018.00,296237.28,New Haven
Apr 2021,261956.00,308672.18,New Haven
May 2021,275080.30,320011.64,New Haven
Jun 2021,291062.20,332782.55,New Haven
Jul 2021,287887.00,328091.07,New Haven
Aug 2021,282595.00,320192.02,New Haven
Sep 2021,278361.30,320301.28,New Haven
Oct 2021,275186.10,317212.65,New Haven
Nov 2021,281272.00,319754.73,New Haven
Dec 2021,283674.55,316831.78,New Haven
Jan 2022,250000.00,280603.22,New Haven
Feb 2022,257100.00,304245.04,New Haven
Mar 2022,265000.00,296610.30,New Haven
Apr 2022,265000.00,309779.32,New Haven
May 2022,288700.00,332433.00,New Haven
Jun 2022,302000.00,354364.33,New Haven
Jul 2022,300000.00,358537.24,New Haven
Aug 2022,300000.00,341366.06,New Haven
Sep 2022,290000.00,343801.14,New Haven
Oct 2022,298000.00,342922.87,New Haven
Jan 2001,199249.23,251897.90,New London
Feb 2001,218688.18,263735.08,New London
Mar 2001,207348.79,255102.99,New London
Apr 2001,224357.87,260901.19,New London
May 2001,210588.62,258277.95,New London
Jun 2001,231161.51,316474.89,New London
Jul 2001,225005.84,267800.44,New London
Aug 2001,223952.90,265804.99,New London
Sep 2001,223547.92,279632.44,New London
Oct 2001,226706.75,275783.80,New London
Nov 2001,218688.18,241410.23,New London
Dec 2001,205728.88,252862.45,New London
Jan 2002,217645.15,257748.21,New London
Feb 2002,222428.56,324593.55,New London
Mar 2002,216548.95,263810.50,New London
Apr 2002,227211.97,272653.75,New London
May 2002,229603.68,281229.06,New London
Jun 2002,251926.26,317728.62,New London
Jul 2002,245548.38,293735.46,New London
Aug 2002,255513.81,309929.36,New London
Sep 2002,246265.89,289701.92,New London
Oct 2002,239170.50,280508.32,New London
Nov 2002,239170.50,295762.04,New London
Dec 2002,240605.52,275442.19,New London
Jan 2003,241591.09,294938.88,New London
Feb 2003,249306.42,332066.99,New London
Mar 2003,250194.85,296318.68,New London
Apr 2003,271127.55,336789.59,New London
May 2003,257177.61,296030.57,New London
Jun 2003,264970.87,333178.20,New London
Jul 2003,278998.74,332946.69,New London
Aug 2003,288194.79,338242.93,New London
Sep 2003,292636.95,342596.14,New London
Oct 2003,280401.53,343322.83,New London
Nov 2003,273153.79,325681.73,New London
Dec 2003,272764.13,316507.27,New London
Jan 2004,260970.73,328478.85,New London
Feb 2004,265601.10,323489.18,New London
Mar 2004,273267.78,324132.98,New London
Apr 2004,289967.47,345233.79,New London
May 2004,303630.86,348869.72,New London
Jun 2004,305149.02,363011.51,New London
Jul 2004,318660.59,390239.89,New London
Aug 2004,299076.40,353946.45,New London
Sep 2004,305149.02,366151.26,New London
Oct 2004,318812.40,380762.82,New London
Nov 2004,296040.09,365495.36,New London
Dec 2004,311221.63,387800.94,New London
Jan 2005,304024.98,374397.64,New London
Feb 2005,323118.33,375909.70,New London
Mar 2005,315774.74,363928.82,New London
Apr 2005,320915.25,367237.74,New London
May 2005,345149.13,398385.53,New London
Jun 2005,358367.61,408481.30,New London
Jul 2005,338539.89,398652.15,New London
Aug 2005,362773.77,417169.03,New London
Sep 2005,341477.33,392786.76,New London
Oct 2005,336997.74,393964.24,New London
Nov 2005,367179.92,429020.74,New London
Dec 2005,348086.57,380161.77,New London
Jan 2006,332888.36,397003.31,New London
Feb 2006,320004.24,419390.53,New London
Mar 2006,339924.47,404424.00,New London
Apr 2006,341489.63,395245.91,New London
May 2006,341845.35,428768.59,New London
Jun 2006,350026.87,415072.35,New London
Jul 2006,341418.48,413658.75,New London
Aug 2006,348248.28,409672.59,New London
Sep 2006,325838.02,389525.29,New London
Oct 2006,342201.06,386400.69,New London
Nov 2006,326478.31,374573.21,New London
Dec 2006,320146.52,380607.50,New London
Jan 2007,334208.18,398440.61,New London
Feb 2007,313287.75,341663.81,New London
Mar 2007,338738.06,402919.96,New London
Apr 2007,343717.47,410163.79,New London
May 2007,349250.14,413225.57,New London
Jun 2007,346829.60,414457.99,New London
Jul 2007,374147.18,421756.28,New London
Aug 2007,340259.55,438027.03,New London
Sep 2007,331960.53,408817.93,New London
Oct 2007,316745.67,375717.63,New London
Nov 2007,334726.87,446559.55,New London
Dec 2007,325044.69,378466.85,New London
Jan 2008,301109.00,351261.63,New London
Feb 2008,277126.87,333213.46,New London
Mar 2008,291782.62,320087.29,New London
Apr 2008,300975.77,333218.88,New London
May 2008,313100.07,355456.18,New London
Jun 2008,310382.09,428215.48,New London
Jul 2008,314099.32,355256.75,New London
Aug 2008,290383.66,379862.74,New London
Sep 2008,287785.59,340647.69,New London
Oct 2008,286320.02,325205.52,New London
Nov 2008,253011.50,303062.77,New London
Dec 2008,254810.16,314868.15,New London
Jan 2009,247275.20,288612.91,New London
Feb 2009,253958.31,294511.27,New London
Mar 2009,247275.20,334181.36,New London
Apr 2009,277349.21,329825.14,New London
May 2009,275277.44,320281.87,New London
Jun 2009,268661.16,315244.52,New London
Jul 2009,287373.88,318089.70,New London
Aug 2009,265319.60,309378.91,New London
Sep 2009,267324.54,312213.30,New London
Oct 2009,266589.39,326030.72,New London
Nov 2009,267992.85,304312.47,New London
Dec 2009,252621.69,285567.14,New London
Jan 2010,249869.03,268612.76,New London
Feb 2010,255786.98,320779.95,New London
Mar 2010,286691.83,349834.84,New London
Apr 2010,263020.03,310570.64,New London
May 2010,276171.03,311805.35,New London
Jun 2010,263020.03,324767.77,New London
Jul 2010,236718.03,310005.45,New London
Aug 2010,282088.98,343001.54,New London
Sep 2010,276171.03,313572.49,New London
Oct 2010,298527.73,334219.63,New London
Nov 2010,246581.28,320564.77,New London
Dec 2010,260389.83,359252.06,New London
Jan 2011,248638.16,306533.96,New London
Feb 2011,242262.82,296322.85,New London
Mar 2011,216761.47,273829.39,New London
Apr 2011,229512.14,253501.60,New London
May 2011,229512.14,290955.39,New London
Jun 2011,239075.15,359028.06,New London
Jul 2011,233337.35,373534.45,New London
Aug 2011,260113.76,306259.40,New London
Sep 2011,247299.34,299128.30,New London
Oct 2011,225686.94,295713.89,New London
Nov 2011,232699.81,277918.55,New London
Dec 2011,242262.82,283874.93,New London
Jan 2012,218604.71,274017.72,New London
Feb 2012,227192.76,254784.09,New London
Mar 2012,247960.20,289812.25,New London
Apr 2012,262575.49,321879.12,New London
May 2012,274817.35,317716.69,New London
Jun 2012,246398.74,295915.67,New London
Jul 2012,281063.20,323513.21,New London
Aug 2012,234843.92,295357.17,New London
Sep 2012,256079.81,276745.64,New London
Oct 2012,238192.95,292296.28,New London
Nov 2012,243588.11,298144.51,New London
Dec 2012,212358.86,279544.82,New London
Jan 2013,196979.50,227050.27,New London
Feb 2013,196979.50,235471.72,New London
Mar 2013,227757.55,311829.51,New London
Apr 2013,221601.94,271516.02,New London
May 2013,235759.84,269447.44,New London
Jun 2013,248932.85,276629.02,New London
Jul 2013,246224.38,298386.71,New London
Aug 2013,257920.04,302785.13,New London
Sep 2013,243146.57,287444.24,New London
Oct 2013,255396.24,288414.33,New London
Nov 2013,215446.33,254292.15,New London
Dec 2013,215446.33,289491.08,New London
Jan 2014,194090.27,278685.51,New London
Feb 2014,190758.51,220972.30,New London
Mar 2014,205963.46,239352.13,New London
Apr 2014,199905.71,243638.23,New London
May 2014,230194.45,278986.70,New London
Jun 2014,236252.20,286249.47,New London
Jul 2014,227771.35,273079.33,New London
Aug 2014,236870.09,273091.18,New London
Sep 2014,242309.95,301525.85,New London
Oct 2014,216867.41,282448.40,New London
Nov 2014,228982.90,276158.49,New London
Dec 2014,229588.68,272007.98,New London
Jan 2015,214532.75,263651.60,New London
Feb 2015,187563.00,226574.49,New London
Mar 2015,208739.47,256551.10,New London
Apr 2015,199663.84,257636.59,New London
May 2015,240504.17,292305.49,New London
Jun 2015,217815.10,262485.50,New London
Jul 2015,260168.04,296389.29,New London
Aug 2015,228705.86,273648.19,New London
Sep 2015,211764.68,258286.62,New London
Oct 2015,189983.17,239948.51,New London
Nov 2015,214789.89,264912.21,New London
Dec 2015,204504.18,248275.02,New London
Jan 2016,200749.87,238259.13,New London
Feb 2016,213894.21,224009.85,New London
Mar 2016,203020.25,232047.28,New London
Apr 2016,191190.35,234287.09,New London
May 2016,223453.72,275536.50,New London
Jun 2016,230623.36,265994.74,New London
Jul 2016,230324.63,256888.22,New London
Aug 2016,246157.58,280308.31,New London
Sep 2016,224887.65,264718.33,New London
Oct 2016,233013.24,300510.81,New London
Nov 2016,203737.22,244071.16,New London
Dec 2016,236299.33,283636.83,New London
Jan 2017,214636.82,231957.64,New London
Feb 2017,218701.99,244487.37,New London
Mar 2017,192933.29,225770.65,New London
Apr 2017,217678.83,249861.33,New London
May 2017,222300.33,263096.19,New London
Jun 2017,247279.87,281650.36,New London
Jul 2017,251550.38,271175.18,New London
Aug 2017,236340.35,275270.34,New London
Sep 2017,245583.37,286254.88,New London
Oct 2017,260910.39,316981.15,New London
Nov 2017,223177.83,292131.41,New London
Dec 2017,245700.37,276656.72,New London
Jan 2018,207870.85,229143.12,New London
Feb 2018,211868.36,250769.24,New London
Mar 2018,221005.54,253381.37,New London
Apr 2018,222718.76,267875.50,New London
May 2018,239856.69,285601.06,New London
Jun 2018,245561.71,284972.01,New London
Jul 2018,249559.23,299487.83,New London
Aug 2018,248988.16,297733.62,New London
Sep 2018,210726.21,262587.92,New London
Oct 2018,234140.24,271090.68,New London
Nov 2018,229571.65,271938.76,New London
Dec 2018,221005.54,254199.30,New London
Jan 2019,229975.22,266247.29,New London
Feb 2019,224366.07,248382.46,New London
Mar 2019,221701.72,277951.84,New London
Apr 2019,229975.22,269395.03,New London
May 2019,241193.52,285525.40,New London
Jun 2019,259142.81,280627.83,New London
Jul 2019,252411.83,298903.06,New London
Aug 2019,246802.67,282778.74,New London
Sep 2019,241193.52,292390.94,New London
Oct 2019,233060.25,281445.81,New London
Nov 2019,232779.80,282051.04,New London
Dec 2019,246802.67,265978.94,New London
Jan 2020,227139.38,263164.22,New London
Feb 2020,220934.60,241787.49,New London
Mar 2020,232125.37,258236.75,New London
Apr 2020,251459.92,286906.69,New London
May 2020,256445.90,286873.16,New London
Jun 2020,265919.30,317572.15,New London
Jul 2020,278107.20,321871.32,New London
Aug 2020,279492.20,318828.59,New London
Sep 2020,297386.40,356495.89,New London
Oct 2020,288079.20,366659.81,New London
Nov 2020,287968.40,351737.40,New London
Dec 2020,276999.20,352458.53,New London
Jan 2021,237083.40,295149.98,New London
Feb 2021,264602.00,316526.13,New London
Mar 2021,252959.50,302797.44,New London
Apr 2021,264602.00,314572.95,New London
May 2021,278731.75,343142.03,New London
Jun 2021,296354.30,329630.03,New London
Jul 2021,291062.20,344333.69,New London
Aug 2021,301646.30,357802.70,New London
Sep 2021,284182.60,327060.53,New London
Oct 2021,285770.20,351271.75,New London
Nov 2021,284711.80,335271.11,New London
Dec 2021,291856.00,337766.46,New London
Jan 2022,265000.00,297195.49,New London
Feb 2022,251000.00,299886.64,New London
Mar 2022,264944.00,323800.90,New London
Apr 2022,260000.00,315557.42,New London
May 2022,288000.00,321838.45,New London
Jun 2022,302500.00,353586.35,New London
Jul 2022,275000.00,330713.08,New London
Aug 2022,300000.00,339756.58,New London
Sep 2022,300000.00,358295.90,New London
Oct 2022,300000.00,346221.14,New London
Jan 2001,228407.66,364844.70,Connecticut
Feb 2001,228407.66,372080.95,Connecticut
Mar 2001,231647.48,359198.04,Connecticut
Apr 2001,234887.31,359050.49,Connecticut
May 2001,242986.87,356798.62,Connecticut
Jun 2001,259185.99,398535.99,Connecticut
Jul 2001,259185.99,390351.26,Connecticut
Aug 2001,267285.55,413277.68,Connecticut
Sep 2001,255946.17,364211.19,Connecticut
Oct 2001,249025.09,343108.63,Connecticut
Nov 2001,244606.78,344026.10,Connecticut
Dec 2001,245416.74,354600.32,Connecticut
Jan 2002,246983.40,362848.13,Connecticut
Feb 2002,239090.77,353348.71,Connecticut
Mar 2002,250331.79,383665.97,Connecticut
Apr 2002,247142.85,360669.11,Connecticut
May 2002,263087.55,401555.25,Connecticut
Jun 2002,279510.59,440390.81,Connecticut
Jul 2002,285410.13,455243.92,Connecticut
Aug 2002,294976.95,440800.35,Connecticut
Sep 2002,274567.73,400298.25,Connecticut
Oct 2002,276640.54,394888.45,Connecticut
Nov 2002,272654.37,396788.33,Connecticut
Dec 2002,271059.90,384308.12,Connecticut
Jan 2003,268088.17,406638.58,Connecticut
Feb 2003,258736.26,367034.34,Connecticut
Mar 2003,264970.87,376867.99,Connecticut
Apr 2003,280557.39,402839.75,Connecticut
May 2003,291467.96,419911.50,Connecticut
Jun 2003,308613.13,451908.35,Connecticut
Jul 2003,323420.33,474278.01,Connecticut
Aug 2003,327316.96,482163.86,Connecticut
Sep 2003,307054.48,439965.36,Connecticut
Oct 2003,294585.26,418631.09,Connecticut
Nov 2003,303859.24,427232.24,Connecticut
Dec 2003,303937.17,425506.98,Connecticut
Jan 2004,295888.27,446619.46,Connecticut
Feb 2004,276304.08,433637.04,Connecticut
Mar 2004,295888.27,426328.27,Connecticut
Apr 2004,308185.32,478284.76,Connecticut
May 2004,333842.13,480108.15,Connecticut
Jun 2004,347657.34,505206.40,Connecticut
Jul 2004,358284.42,529710.49,Connecticut
Aug 2004,356766.26,524274.72,Connecticut
Sep 2004,340066.56,490068.00,Connecticut
Oct 2004,333993.95,470711.80,Connecticut
Nov 2004,340066.56,476902.41,Connecticut
Dec 2004,341584.72,479282.16,Connecticut
Jan 2005,333399.37,483470.43,Connecticut
Feb 2005,315774.74,475282.42,Connecticut
Mar 2005,330461.93,473585.26,Connecticut
Apr 2005,342211.69,496693.34,Connecticut
May 2005,355430.17,506832.11,Connecticut
Jun 2005,372907.93,539660.27,Connecticut
Jul 2005,389210.72,567013.16,Connecticut
Aug 2005,383321.15,567938.89,Connecticut
Sep 2005,364242.49,513218.25,Connecticut
Oct 2005,360570.69,499172.58,Connecticut
Nov 2005,364242.49,500599.27,Connecticut
Dec 2005,367179.92,515793.32,Connecticut
Jan 2006,348603.99,508752.73,Connecticut
Feb 2006,341489.63,494058.39,Connecticut
Mar 2006,355718.36,514921.72,Connecticut
Apr 2006,354295.49,494263.88,Connecticut
May 2006,358564.11,520057.82,Connecticut
Jun 2006,377061.46,547827.09,Connecticut
Jul 2006,377061.46,542498.34,Connecticut
Aug 2006,369804.81,516486.61,Connecticut
Sep 2006,362832.73,490983.53,Connecticut
Oct 2006,353939.77,467607.71,Connecticut
Nov 2006,354295.49,479439.00,Connecticut
Dec 2006,355718.36,500544.77,Connecticut
Jan 2007,344409.05,518898.48,Connecticut
Feb 2007,337493.21,490289.13,Connecticut
Mar 2007,349941.73,523377.59,Connecticut
Apr 2007,355197.77,524036.99,Connecticut
May 2007,366401.44,557154.90,Connecticut
Jun 2007,387148.97,586893.36,Connecticut
Jul 2007,380371.44,587299.50,Connecticut
Aug 2007,377605.11,558502.54,Connecticut
Sep 2007,345792.22,498762.94,Connecticut
Oct 2007,345792.22,480681.78,Connecticut
Nov 2007,345792.22,523690.37,Connecticut
Dec 2007,335764.25,482260.86,Connecticut
Jan 2008,309103.04,436936.84,Connecticut
Feb 2008,312433.90,460288.92,Connecticut
Mar 2008,314032.71,445631.07,Connecticut
Apr 2008,319761.77,463886.85,Connecticut
May 2008,319761.77,458690.97,Connecticut
Jun 2008,338081.45,503879.65,Connecticut
Jul 2008,345475.95,517566.47,Connecticut
Aug 2008,332951.94,507243.68,Connecticut
Sep 2008,313100.07,432829.61,Connecticut
Oct 2008,299776.66,403782.07,Connecticut
Nov 2008,289451.02,381956.07,Connecticut
Dec 2008,275128.36,366143.01,Connecticut
Jan 2009,261817.65,358336.80,Connecticut
Feb 2009,260641.42,356511.33,Connecticut
Mar 2009,267324.54,373839.04,Connecticut
Apr 2009,267324.54,361864.18,Connecticut
May 2009,283739.60,382647.61,Connecticut
Jun 2009,306086.59,424422.59,Connecticut
Jul 2009,308626.18,443048.14,Connecticut
Aug 2009,302076.73,433624.37,Connecticut
Sep 2009,287373.88,408174.57,Connecticut
Oct 2009,287373.88,407313.22,Connecticut
Nov 2009,287373.88,386237.08,Connecticut
Dec 2009,287373.88,413773.44,Connecticut
Jan 2010,264475.85,423543.79,Connecticut
Feb 2010,263020.03,393572.92,Connecticut
Mar 2010,276171.03,399283.69,Connecticut
Apr 2010,278472.46,419376.82,Connecticut
May 2010,289190.52,405661.93,Connecticut
Jun 2010,308719.76,449091.85,Connecticut
Jul 2010,302473.04,506189.86,Connecticut
Aug 2010,315229.51,482687.85,Connecticut
Sep 2010,289322.03,431357.65,Connecticut
Oct 2010,299185.28,438264.95,Connecticut
Nov 2010,289322.03,421659.69,Connecticut
Dec 2010,286691.83,453735.98,Connecticut
Jan 2011,265214.03,425918.24,Connecticut
Feb 2011,255013.49,397891.21,Connecticut
Mar 2011,244812.95,379478.34,Connecticut
Apr 2011,266489.10,431122.58,Connecticut
May 2011,280514.84,468815.60,Connecticut
Jun 2011,305378.66,505018.08,Connecticut
Jul 2011,289376.56,448128.98,Connecticut
Aug 2011,286890.18,441564.79,Connecticut
Sep 2011,279558.54,417950.61,Connecticut
Oct 2011,245131.72,354118.54,Connecticut
Nov 2011,256288.56,369673.84,Connecticut
Dec 2011,249913.22,358935.84,Connecticut
Jan 2012,226724.32,348308.55,Connecticut
Feb 2012,224850.56,334089.27,Connecticut
Mar 2012,238591.43,351082.48,Connecticut
Apr 2012,249833.96,354744.77,Connecticut
May 2012,264824.00,393675.87,Connecticut
Jun 2012,285747.59,449712.12,Connecticut
Jul 2012,287309.05,436853.29,Connecticut
Aug 2012,277593.63,425343.21,Connecticut
Sep 2012,254518.35,392358.53,Connecticut
Oct 2012,256079.81,355606.56,Connecticut
Nov 2012,247571.71,370559.75,Connecticut
Dec 2012,254830.64,439966.12,Connecticut
Jan 2013,226526.43,343285.22,Connecticut
Feb 2013,226526.43,349100.54,Connecticut
Mar 2013,232682.04,356816.86,Connecticut
Apr 2013,248686.62,374341.98,Connecticut
May 2013,273001.28,429641.30,Connecticut
Jun 2013,289313.65,464801.05,Connecticut
Jul 2013,295469.25,445276.69,Connecticut
Aug 2013,295469.25,438228.62,Connecticut
Sep 2013,264691.21,377940.87,Connecticut
Oct 2013,258535.60,353087.95,Connecticut
Nov 2013,246224.38,379969.61,Connecticut
Dec 2013,252379.99,399543.55,Connecticut
Jan 2014,226559.80,346525.36,Connecticut
Feb 2014,220926.10,332731.36,Connecticut
Mar 2014,218078.96,335706.75,Connecticut
Apr 2014,237463.75,373716.94,Connecticut
May 2014,260483.20,412100.16,Connecticut
Jun 2014,279867.99,433390.75,Connecticut
Jul 2014,281214.02,418042.80,Connecticut
Aug 2014,278656.44,428924.84,Connecticut
Sep 2014,249579.25,365178.41,Connecticut
Oct 2014,244733.05,366450.88,Connecticut
Nov 2014,248791.74,371663.47,Connecticut
Dec 2014,235040.65,371618.09,Connecticut
Jan 2015,224470.56,345393.97,Connecticut
Feb 2015,220840.31,347873.12,Connecticut
Mar 2015,229915.94,337334.10,Connecticut
Apr 2015,234756.28,367478.19,Connecticut
May 2015,262799.97,397256.49,Connecticut
Jun 2015,278319.30,426871.26,Connecticut
Jul 2015,280739.46,418739.45,Connecticut
Aug 2015,272268.88,396176.30,Connecticut
Sep 2015,260168.04,366286.11,Connecticut
Oct 2015,242016.78,360175.48,Connecticut
Nov 2015,235966.36,343532.44,Connecticut
Dec 2015,241895.77,340162.69,Connecticut
Jan 2016,233013.24,340987.72,Connecticut
Feb 2016,223453.72,323816.76,Connecticut
Mar 2016,225246.13,323747.80,Connecticut
Apr 2016,238987.94,348273.16,Connecticut
May 2016,259301.91,361730.89,Connecticut
Jun 2016,274836.13,412935.95,Connecticut
Jul 2016,274836.13,379152.93,Connecticut
Aug 2016,274836.13,371682.85,Connecticut
Sep 2016,262767.24,357903.50,Connecticut
Oct 2016,252132.28,360088.97,Connecticut
Nov 2016,250937.34,345757.87,Connecticut
Dec 2016,249742.40,346692.02,Connecticut
Jan 2017,231543.35,336662.20,Connecticut
Feb 2017,228150.34,337692.58,Connecticut
Mar 2017,225810.34,322417.99,Connecticut
Apr 2017,239850.36,340791.18,Connecticut
May 2017,254182.88,347510.79,Connecticut
Jun 2017,276120.41,382040.01,Connecticut
Jul 2017,278460.42,382657.17,Connecticut
Aug 2017,276061.91,409266.37,Connecticut
Sep 2017,260793.39,350722.09,Connecticut
Oct 2017,265590.40,348496.89,Connecticut
Nov 2017,254475.38,350838.74,Connecticut
Dec 2017,254782.51,372573.18,Connecticut
Jan 2018,234140.24,325456.54,Connecticut
Feb 2018,225859.67,339964.89,Connecticut
Mar 2018,239850.98,348601.86,Connecticut
Apr 2018,251272.45,361928.47,Connecticut
May 2018,256983.19,356481.99,Connecticut
Jun 2018,284394.73,400878.88,Connecticut
Jul 2018,283252.58,417276.45,Connecticut
Aug 2018,277541.84,431251.64,Connecticut
Sep 2018,252757.24,351328.74,Connecticut
Oct 2018,249559.23,332025.64,Connecticut
Nov 2018,247274.93,344614.49,Connecticut
Dec 2018,251272.45,358956.64,Connecticut
Jan 2019,229975.22,327409.17,Connecticut
Feb 2019,224029.52,296602.01,Connecticut
Mar 2019,239510.78,327797.41,Connecticut
Apr 2019,246802.67,347978.35,Connecticut
May 2019,266995.62,363114.90,Connecticut
Jun 2019,280345.40,387294.61,Connecticut
Jul 2019,280457.58,377723.57,Connecticut
Aug 2019,274848.43,378084.57,Connecticut
Sep 2019,261386.47,350161.60,Connecticut
Oct 2019,255777.32,338308.29,Connecticut
Nov 2019,256749.94,347508.72,Connecticut
Dec 2019,258020.98,339848.22,Connecticut
Jan 2020,247083.33,352413.59,Connecticut
Feb 2020,239659.75,319072.17,Connecticut
Mar 2020,259271.29,337233.91,Connecticut
Apr 2020,282816.23,358439.27,Connecticut
May 2020,285863.22,382084.60,Connecticut
Jun 2020,293508.40,425598.31,Connecticut
Jul 2020,310826.40,446235.94,Connecticut
Aug 2020,325751.10,484315.44,Connecticut
Sep 2020,322981.10,477262.57,Connecticut
Oct 2020,317995.10,460308.98,Connecticut
Nov 2020,311347.20,437127.39,Connecticut
Dec 2020,310239.20,459227.83,Connecticut
Jan 2021,284182.60,393701.04,Connecticut
Feb 2021,280478.20,420574.89,Connecticut
Mar 2021,281668.90,421838.97,Connecticut
Apr 2021,297677.30,450972.99,Connecticut
May 2021,312230.40,479508.52,Connecticut
Jun 2021,332340.20,495536.67,Connecticut
Jul 2021,333398.60,505592.93,Connecticut
Aug 2021,333398.60,484581.14,Connecticut
Sep 2021,309055.20,425930.32,Connecticut
Oct 2021,309055.20,427607.13,Connecticut
Nov 2021,306938.40,426048.15,Connecticut
Dec 2021,312230.40,433527.72,Connecticut
Jan 2022,275000.00,388570.25,Connecticut
Feb 2022,282000.00,398196.89,Connecticut
Mar 2022,285000.00,405611.14,Connecticut
Apr 2022,300000.00,437059.63,Connecticut
May 2022,310000.00,437711.41,Connecticut
Jun 2022,333000.00,490462.24,Connecticut
Jul 2022,340000.00,488122.60,Connecticut
Aug 2022,331000.00,484793.62,Connecticut
Sep 2022,320000.00,435715.64,Connecticut
Oct 2022,320000.00,427087.92,Connecticut
Jan 2001,210426.63,236289.09,Tolland
Feb 2001,191959.63,213622.86,Tolland
Mar 2001,210588.62,222117.34,Tolland
Apr 2001,207348.79,218343.02,Tolland
May 2001,224438.87,241021.46,Tolland
Jun 2001,242986.87,249782.53,Tolland
Jul 2001,246226.69,262496.29,Tolland
Aug 2001,242905.87,275216.82,Tolland
Sep 2001,246226.69,247902.27,Tolland
Oct 2001,267285.55,260158.03,Tolland
Nov 2001,238127.13,258505.23,Tolland
Dec 2001,232376.44,244776.45,Tolland
Jan 2002,215253.45,246906.61,Tolland
Feb 2002,229603.68,297138.39,Tolland
Mar 2002,223225.80,257107.14,Tolland
Apr 2002,235503.22,245961.53,Tolland
May 2002,241562.20,258082.29,Tolland
Jun 2002,248737.32,259663.55,Tolland
Jul 2002,271059.90,284650.99,Tolland
Aug 2002,247142.85,265700.25,Tolland
Sep 2002,271059.90,294305.89,Tolland
Oct 2002,268588.47,288691.02,Tolland
Nov 2002,262609.21,282153.11,Tolland
Dec 2002,270262.66,324015.31,Tolland
Jan 2003,249384.35,276448.36,Tolland
Feb 2003,257177.61,289737.45,Tolland
Mar 2003,247046.37,258715.98,Tolland
Apr 2003,250943.00,269199.75,Tolland
May 2003,264970.87,276220.05,Tolland
Jun 2003,264892.94,294133.78,Tolland
Jul 2003,276271.10,297957.15,Tolland
Aug 2003,277050.42,315005.86,Tolland
Sep 2003,270426.15,277362.91,Tolland
Oct 2003,269646.83,288791.90,Tolland
Nov 2003,278842.87,302820.50,Tolland
Dec 2003,272764.13,289286.82,Tolland
Jan 2004,230759.45,251528.98,Tolland
Feb 2004,264158.85,272381.66,Tolland
Mar 2004,250495.46,276955.09,Tolland
Apr 2004,288449.32,321906.85,Tolland
May 2004,275545.01,287544.26,Tolland
Jun 2004,302112.71,321821.73,Tolland
Jul 2004,318812.40,334505.41,Tolland
Aug 2004,320330.56,341286.00,Tolland
Sep 2004,302416.34,327881.04,Tolland
Oct 2004,311221.63,325332.20,Tolland
Nov 2004,318812.40,337806.88,Tolland
Dec 2004,326403.18,334650.20,Tolland
Jan 2005,301381.28,330897.93,Tolland
Feb 2005,279056.74,294444.20,Tolland
Mar 2005,293743.94,321635.69,Tolland
Apr 2005,291540.86,305546.69,Tolland
May 2005,330388.50,348841.03,Tolland
Jun 2005,330461.93,343911.61,Tolland
Jul 2005,315774.74,336490.87,Tolland
Aug 2005,331196.29,350752.23,Tolland
Sep 2005,337658.66,358630.88,Tolland
Oct 2005,315774.74,346240.57,Tolland
Nov 2005,311368.58,334586.81,Tolland
Dec 2005,348086.57,364008.37,Tolland
Jan 2006,337221.01,350099.51,Tolland
Feb 2006,296932.34,319168.53,Tolland
Mar 2006,320146.52,341873.94,Tolland
Apr 2006,320146.52,336856.89,Tolland
May 2006,321569.40,327706.30,Tolland
Jun 2006,325838.02,339225.74,Tolland
Jul 2006,327260.89,360311.04,Tolland
Aug 2006,353317.26,370165.83,Tolland
Sep 2006,335015.55,365951.11,Tolland
Oct 2006,324059.43,325547.23,Tolland
Nov 2006,319435.09,338969.11,Tolland
Dec 2006,294534.80,305736.53,Tolland
Jan 2007,325044.69,333730.53,Tolland
Feb 2007,301530.82,305874.05,Tolland
Mar 2007,329194.19,337188.85,Tolland
Apr 2007,317990.53,332375.13,Tolland
May 2007,311213.00,340811.97,Tolland
Jun 2007,324906.37,336968.00,Tolland
Jul 2007,343025.88,356614.48,Tolland
Aug 2007,338876.38,347238.18,Tolland
Sep 2007,318128.84,342187.97,Tolland
Oct 2007,320895.18,331878.58,Tolland
Nov 2007,325044.69,349232.60,Tolland
Dec 2007,328502.61,341086.58,Tolland
Jan 2008,293114.96,289535.35,Tolland
Feb 2008,296445.81,315381.08,Tolland
Mar 2008,293114.96,306844.42,Tolland
Apr 2008,292981.72,305557.91,Tolland
May 2008,324703.42,338593.35,Tolland
Jun 2008,305106.02,335113.12,Tolland
Jul 2008,304439.85,331113.28,Tolland
Aug 2008,299776.66,325394.11,Tolland
Sep 2008,293114.96,313181.42,Tolland
Oct 2008,286453.25,302225.15,Tolland
Nov 2008,279791.55,315067.17,Tolland
Dec 2008,292981.72,314681.95,Tolland
Jan 2009,259473.88,262131.47,Tolland
Feb 2009,289378.81,294428.69,Tolland
Mar 2009,299403.48,297207.17,Tolland
Apr 2009,300740.10,298249.51,Tolland
May 2009,287373.88,313286.44,Tolland
Jun 2009,310764.77,316681.26,Tolland
Jul 2009,307423.22,323407.70,Tolland
Aug 2009,286037.25,289963.93,Tolland
Sep 2009,291250.08,290339.58,Tolland
Oct 2009,280623.93,298945.85,Tolland
Nov 2009,284032.32,298637.60,Tolland
Dec 2009,280690.76,287739.28,Tolland
Jan 2010,257759.63,269470.26,Tolland
Feb 2010,265650.23,292975.13,Tolland
Mar 2010,263020.03,278090.12,Tolland
Apr 2010,263020.03,276591.10,Tolland
May 2010,298856.51,302091.31,Tolland
Jun 2010,289322.03,328649.17,Tolland
Jul 2010,280130.14,282619.25,Tolland
Aug 2010,291228.93,295959.11,Tolland
Sep 2010,269595.53,272380.73,Tolland
Oct 2010,281694.45,331579.49,Tolland
Nov 2010,297870.18,330253.85,Tolland
Dec 2010,254143.10,282982.73,Tolland
Jan 2011,248000.62,251973.54,Tolland
Feb 2011,235887.48,242783.39,Tolland
Mar 2011,290715.38,311042.59,Tolland
Apr 2011,225686.94,276505.92,Tolland
May 2011,265214.03,277263.16,Tolland
Jun 2011,285870.13,328333.42,Tolland
Jul 2011,281471.14,325046.92,Tolland
Aug 2011,274139.51,283157.10,Tolland
Sep 2011,291990.45,320568.61,Tolland
Oct 2011,257563.63,276785.52,Tolland
Nov 2011,233337.35,260402.79,Tolland
Dec 2011,238883.89,245259.54,Tolland
Jan 2012,203614.68,222065.99,Tolland
Feb 2012,221727.64,265500.48,Tolland
Mar 2012,208611.36,226517.06,Tolland
Apr 2012,231096.41,251109.47,Tolland
May 2012,251332.96,271309.55,Tolland
Jun 2012,274692.44,278893.77,Tolland
Jul 2012,272006.72,291392.56,Tolland
Aug 2012,262325.66,283012.08,Tolland
Sep 2012,242297.09,258104.25,Tolland
Oct 2012,249833.96,249262.26,Tolland
Nov 2012,261076.49,285124.80,Tolland
Dec 2012,234219.34,265624.28,Tolland
Jan 2013,217908.58,247045.92,Tolland
Feb 2013,227757.55,247442.15,Tolland
Mar 2013,230219.79,248528.92,Tolland
Apr 2013,234528.72,249885.98,Tolland
May 2013,237606.53,275915.73,Tolland
Jun 2013,258535.60,277516.02,Tolland
Jul 2013,273309.06,289601.90,Tolland
Aug 2013,270785.26,287056.94,Tolland
Sep 2013,264998.99,262430.83,Tolland
Oct 2013,260997.84,284823.70,Tolland
Nov 2013,227757.55,236248.41,Tolland
Dec 2013,229173.34,259207.79,Tolland
Jan 2014,236252.20,237859.98,Tolland
Feb 2014,222319.38,253204.35,Tolland
Mar 2014,205599.99,223562.92,Tolland
Apr 2014,230194.45,252670.84,Tolland
May 2014,237160.86,245862.74,Tolland
Jun 2014,259211.07,325758.08,Tolland
Jul 2014,271690.03,282376.16,Tolland
Aug 2014,258362.99,269453.39,Tolland
Sep 2014,247761.92,281905.83,Tolland
Oct 2014,239886.85,254088.74,Tolland
Nov 2014,232617.55,258939.57,Tolland
Dec 2014,222016.49,236153.63,Tolland
Jan 2015,229915.94,245689.28,Tolland
Feb 2015,211764.68,247545.53,Tolland
Mar 2015,209344.51,225264.70,Tolland
Apr 2015,237781.48,245016.06,Tolland
May 2015,223865.52,235638.00,Tolland
Jun 2015,249277.28,273757.92,Tolland
Jul 2015,260168.04,277555.02,Tolland
Aug 2015,272268.88,279158.54,Tolland
Sep 2015,245041.99,255883.15,Tolland
Oct 2015,234151.23,247865.55,Tolland
Nov 2015,238326.02,259470.45,Tolland
Dec 2015,232941.15,247313.52,Tolland
Jan 2016,193281.50,208388.91,Tolland
Feb 2016,232057.29,240116.55,Tolland
Mar 2016,182467.29,190568.81,Tolland
Apr 2016,213894.21,231193.51,Tolland
May 2016,258883.69,273408.90,Tolland
Jun 2016,267367.76,266212.10,Tolland
Jul 2016,248547.46,268328.61,Tolland
Aug 2016,277524.74,283536.58,Tolland
Sep 2016,253924.69,252934.03,Tolland
Oct 2016,237135.78,264990.69,Tolland
Nov 2016,234208.18,247158.49,Tolland
Dec 2016,246755.05,271842.30,Tolland
Jan 2017,207090.31,234295.39,Tolland
Feb 2017,181350.27,202193.33,Tolland
Mar 2017,216450.32,227754.86,Tolland
Apr 2017,219258.33,246124.84,Tolland
May 2017,207675.31,228122.71,Tolland
Jun 2017,249795.37,264075.36,Tolland
Jul 2017,262372.89,265843.40,Tolland
Aug 2017,257400.39,269923.14,Tolland
Sep 2017,228091.84,258159.37,Tolland
Oct 2017,246870.37,265696.52,Tolland
Nov 2017,246870.37,264334.34,Tolland
Dec 2017,223470.34,240758.69,Tolland
Jan 2018,228315.29,232197.11,Tolland
Feb 2018,226659.17,243237.72,Tolland
Mar 2018,211297.29,228391.67,Tolland
Apr 2018,227287.35,241045.38,Tolland
May 2018,228315.29,238016.48,Tolland
Jun 2018,249730.55,265762.59,Tolland
Jul 2018,245561.71,260912.62,Tolland
Aug 2018,232998.09,264876.87,Tolland
Sep 2018,232940.98,243830.08,Tolland
Oct 2018,228429.50,247125.83,Tolland
Nov 2018,224146.45,234363.30,Tolland
Dec 2018,228429.50,239719.15,Tolland
Jan 2019,201200.27,239820.22,Tolland
Feb 2019,212179.63,214667.24,Tolland
Mar 2019,233340.71,238018.02,Tolland
Apr 2019,224253.88,232197.48,Tolland
May 2019,246690.49,247028.25,Tolland
Jun 2019,243998.10,251962.26,Tolland
Jul 2019,252299.64,259629.87,Tolland
Aug 2019,249046.34,253042.90,Tolland
Sep 2019,238613.31,250940.33,Tolland
Oct 2019,241754.44,242170.86,Tolland
Nov 2019,241193.52,246689.06,Tolland
Dec 2019,241193.52,242785.39,Tolland
Jan 2020,251515.32,277119.18,Tolland
Feb 2020,196392.47,220860.80,Tolland
Mar 2020,254839.31,270719.28,Tolland
Apr 2020,253177.31,271606.90,Tolland
May 2020,260379.29,264385.74,Tolland
Jun 2020,262041.30,271782.49,Tolland
Jul 2020,276888.40,283300.49,Tolland
Aug 2020,288079.20,290298.56,Tolland
Sep 2020,264811.30,283186.54,Tolland
Oct 2020,286915.80,298364.36,Tolland
Nov 2020,283093.20,291739.19,Tolland
Dec 2020,265919.30,280260.73,Tolland
Jan 2021,266613.00,279933.64,Tolland
Feb 2021,253965.05,257285.34,Tolland
Mar 2021,248725.90,257812.24,Tolland
Apr 2021,259310.00,273206.00,Tolland
May 2021,287754.70,292293.22,Tolland
Jun 2021,301646.30,311999.32,Tolland
Jul 2021,291062.20,326216.47,Tolland
Aug 2021,301646.30,317806.62,Tolland
Sep 2021,280372.30,305668.43,Tolland
Oct 2021,306832.50,327424.16,Tolland
Nov 2021,282012.85,291009.95,Tolland
Dec 2021,280478.20,305306.79,Tolland
Jan 2022,253333.00,295447.44,Tolland
Feb 2022,250000.00,259192.04,Tolland
Mar 2022,255000.00,277014.74,Tolland
Apr 2022,261000.00,264968.49,Tolland
May 2022,278750.00,292388.59,Tolland
Jun 2022,296500.00,322488.28,Tolland
Jul 2022,325000.00,330657.80,Tolland
Aug 2022,289000.00,317642.04,Tolland
Sep 2022,301000.00,320356.99,Tolland
Oct 2022,289900.00,303814.40,Tolland
Jan 2001,164947.59,188106.85,Windham
Feb 2001,185075.00,184633.47,Windham
Mar 2001,168308.90,177968.62,Windham
Apr 2001,167660.94,167338.61,Windham
May 2001,189529.76,197962.84,Windham
Jun 2001,182240.15,200825.96,Windham
Jul 2001,190258.72,214777.91,Windham
Aug 2001,186289.93,198184.73,Windham
Sep 2001,194227.50,201874.02,Windham
Oct 2001,183860.06,199650.64,Windham
Nov 2001,199249.23,199295.02,Windham
Dec 2001,194389.49,190688.70,Windham
Jan 2002,191176.95,201893.99,Windham
Feb 2002,175391.70,192621.74,Windham
Mar 2002,184958.52,196782.97,Windham
Apr 2002,180175.11,185218.35,Windham
May 2002,184958.52,205212.20,Windham
Jun 2002,202497.69,218383.30,Windham
Jul 2002,207281.10,231675.55,Windham
Aug 2002,207201.37,227651.86,Windham
Sep 2002,205208.29,224195.30,Windham
Oct 2002,202497.69,222904.74,Windham
Nov 2002,207281.10,218339.01,Windham
Dec 2002,208875.57,219016.68,Windham
Jan 2003,208859.39,237620.87,Windham
Feb 2003,217431.98,218909.59,Windham
Mar 2003,198338.49,209119.52,Windham
Apr 2003,210418.04,219217.74,Windham
May 2003,218133.37,240924.65,Windham
Jun 2003,233797.83,252843.61,Windham
Jul 2003,233797.83,258991.21,Windham
Aug 2003,229121.87,249706.29,Windham
Sep 2003,233641.96,234423.41,Windham
Oct 2003,235356.48,252100.03,Windham
Nov 2003,236915.13,251595.13,Windham
Dec 2003,236330.64,253533.03,Windham
Jan 2004,220132.37,230304.61,Windham
Feb 2004,220132.37,225120.72,Windham
Mar 2004,235313.92,250854.34,Windham
Apr 2004,239488.84,248226.45,Windham
May 2004,259604.39,263168.82,Windham
Jun 2004,265677.00,286982.44,Windham
Jul 2004,257934.42,280139.45,Windham
Aug 2004,257934.42,273407.42,Windham
Sep 2004,273267.78,284290.45,Windham
Oct 2004,280858.55,306020.29,Windham
Nov 2004,273267.78,297829.69,Windham
Dec 2004,284881.66,294838.39,Windham
Jan 2005,280525.46,295076.68,Windham
Feb 2005,249608.91,265752.58,Windham
Mar 2005,264369.55,287839.14,Windham
Apr 2005,277588.02,312835.33,Windham
May 2005,293743.94,307091.48,Windham
Jun 2005,279056.74,293719.18,Windham
Jul 2005,301748.46,315430.30,Windham
Aug 2005,290806.50,318177.58,Windham
Sep 2005,293743.94,312174.37,Windham
Oct 2005,301014.10,316787.58,Windham
Nov 2005,292642.40,316432.90,Windham
Dec 2005,293597.07,327528.36,Windham
Jan 2006,278883.20,293584.61,Windham
Feb 2006,297380.55,321091.08,Windham
Mar 2006,270986.25,279898.74,Windham
Apr 2006,291689.06,313927.80,Windham
May 2006,298803.42,312757.50,Windham
Jun 2006,300226.30,347178.34,Windham
Jul 2006,296669.11,316279.63,Windham
Aug 2006,308123.24,303016.96,Windham
Sep 2006,283151.82,291577.48,Windham
Oct 2006,290195.04,304896.79,Windham
Nov 2006,295246.24,294579.58,Windham
Dec 2006,300226.30,303612.23,Windham
Jan 2007,287699.13,273874.29,Windham
Feb 2007,283549.62,285417.57,Windham
Mar 2007,269717.93,294113.65,Windham
Apr 2007,289082.30,303866.40,Windham
May 2007,279296.38,278311.71,Windham
Jun 2007,294352.17,291597.36,Windham
Jul 2007,283549.62,296408.72,Windham
Aug 2007,272484.27,299732.08,Windham
Sep 2007,290465.47,297344.40,Windham
Oct 2007,283549.62,304167.86,Windham
Nov 2007,267643.18,285388.49,Windham
Dec 2007,281129.08,294598.40,Windham
Jan 2008,237956.05,253710.14,Windham
Feb 2008,245150.69,244489.26,Windham
Mar 2008,239821.33,253334.31,Windham
Apr 2008,246483.03,259208.98,Windham
May 2008,219836.22,234461.09,Windham
Jun 2008,255809.42,267518.81,Windham
Jul 2008,243085.56,279102.38,Windham
Aug 2008,242486.01,241529.30,Windham
Sep 2008,226164.84,242957.02,Windham
Oct 2008,235824.31,231889.60,Windham
Nov 2008,229828.77,247469.50,Windham
Dec 2008,221002.02,250454.32,Windham
Jan 2009,202832.49,254755.56,Windham
Feb 2009,203218.11,220934.10,Windham
Mar 2009,223215.99,230113.33,Windham
Apr 2009,217869.50,217583.96,Windham
May 2009,219540.28,231287.97,Windham
Jun 2009,226490.71,221506.55,Windham
Jul 2009,233908.97,243633.91,Windham
Aug 2009,213191.32,223800.14,Windham
Sep 2009,213859.63,216658.98,Windham
Oct 2009,209849.76,235501.65,Windham
Nov 2009,222480.85,233943.00,Windham
Dec 2009,231904.04,260177.58,Windham
Jan 2010,197265.02,203835.96,Windham
Feb 2010,219555.97,242653.99,Windham
Mar 2010,202130.89,218866.38,Windham
Apr 2010,199237.67,217489.07,Windham
May 2010,225868.45,245930.29,Windham
Jun 2010,204432.32,218554.75,Windham
Jul 2010,197265.02,212758.98,Windham
Aug 2010,198580.12,202412.95,Windham
Sep 2010,189374.42,194323.49,Windham
Oct 2010,216991.53,231194.96,Windham
Nov 2010,190689.52,209703.55,Windham
Dec 2010,192004.62,191085.37,Windham
Jan 2011,184884.78,182327.30,Windham
Feb 2011,173409.18,180902.61,Windham
Mar 2011,162571.10,202487.79,Windham
Apr 2011,175640.54,191067.73,Windham
May 2011,183609.72,197817.30,Windham
Jun 2011,186159.85,190253.45,Windham
Jul 2011,180549.55,179145.89,Windham
Aug 2011,196360.39,207606.95,Windham
Sep 2011,203883.29,214185.19,Windham
Oct 2011,193810.26,190413.38,Windham
Nov 2011,188709.99,189807.39,Windham
Dec 2011,191260.12,190621.47,Windham
Jan 2012,168637.92,185122.69,Windham
Feb 2012,172947.56,185104.21,Windham
Mar 2012,150524.96,177021.91,Windham
Apr 2012,149900.38,160029.72,Windham
May 2012,181129.62,187993.28,Windham
Jun 2012,176944.90,187998.76,Windham
Jul 2012,186750.88,192144.26,Windham
Aug 2012,195432.61,193820.72,Windham
Sep 2012,187375.47,184865.28,Windham
Oct 2012,187375.47,199378.28,Windham
Nov 2012,187375.47,194431.36,Windham
Dec 2012,156146.22,167742.82,Windham
Jan 2013,166201.46,182820.52,Windham
Feb 2013,174819.31,189450.68,Windham
Mar 2013,172357.07,190291.17,Windham
Apr 2013,164354.77,175474.19,Windham
May 2013,184668.28,187968.86,Windham
Jun 2013,196979.50,213942.09,Windham
Jul 2013,184606.73,210582.94,Windham
Aug 2013,190762.34,195996.00,Windham
Sep 2013,184606.73,192816.28,Windham
Oct 2013,184545.17,204552.47,Windham
Nov 2013,184668.28,192791.28,Windham
Dec 2013,163123.65,179178.58,Windham
Jan 2014,167193.87,171804.59,Windham
Feb 2014,161741.89,170900.24,Windham
Mar 2014,175614.14,189231.68,Windham
Apr 2014,167133.29,179405.96,Windham
May 2014,187790.21,204192.05,Windham
Jun 2014,173857.39,188370.26,Windham
Jul 2014,179915.14,194645.90,Windham
Aug 2014,186578.66,190900.21,Windham
Sep 2014,174220.85,184011.51,Windham
Oct 2014,157501.47,158827.66,Windham
Nov 2014,175674.71,188903.63,Windham
Dec 2014,164649.61,185030.86,Windham
Jan 2015,157189.90,173873.11,Windham
Feb 2015,163361.33,173382.78,Windham
Mar 2015,177095.78,186479.02,Windham
Apr 2015,169411.74,186307.74,Windham
May 2015,172920.99,199734.95,Windham
Jun 2015,207529.39,218546.75,Windham
Jul 2015,185505.86,200399.58,Windham
Aug 2015,199663.84,208478.34,Windham
Sep 2015,186224.65,206874.33,Windham
Oct 2015,199663.84,212188.28,Windham
Nov 2015,169411.74,185924.56,Windham
Dec 2015,183630.23,189697.60,Windham
Jan 2016,171772.58,178099.98,Windham
Feb 2016,173266.26,187018.96,Windham
Mar 2016,160121.92,173126.66,Windham
Apr 2016,161316.86,182184.30,Windham
May 2016,188800.47,199027.73,Windham
Jun 2016,189995.41,200036.91,Windham
Jul 2016,215089.15,220970.99,Windham
Aug 2016,203139.75,213222.35,Windham
Sep 2016,194775.17,189441.94,Windham
Oct 2016,197165.05,210715.59,Windham
Nov 2016,185215.65,185896.02,Windham
Dec 2016,174461.20,184731.96,Windham
Jan 2017,179010.27,190554.37,Windham
Feb 2017,197145.30,200744.72,Windham
Mar 2017,174330.26,184602.85,Windham
Apr 2017,175383.26,183155.33,Windham
May 2017,187200.28,202326.88,Windham
Jun 2017,204750.31,215994.90,Windham
Jul 2017,193342.79,256881.83,Windham
Aug 2017,202410.30,219372.36,Windham
Sep 2017,204867.31,215637.18,Windham
Oct 2017,223470.34,230742.57,Windham
Nov 2017,175500.26,207727.90,Windham
Dec 2017,207675.31,211292.97,Windham
Jan 2018,185598.97,194480.95,Windham
Feb 2018,188454.34,195428.88,Windham
Mar 2018,188454.34,207547.29,Windham
Apr 2018,182743.60,206181.95,Windham
May 2018,199875.81,216230.23,Windham
Jun 2018,222718.76,224724.20,Windham
Jul 2018,199875.81,217287.40,Windham
Aug 2018,205529.44,212016.54,Windham
Sep 2018,218093.07,218076.13,Windham
Oct 2018,188625.66,202331.40,Windham
Nov 2018,201017.96,207072.31,Windham
Dec 2018,194165.08,203220.75,Windham
Jan 2019,193179.18,216879.38,Windham
Feb 2019,180109.86,182591.69,Windham
Mar 2019,164796.88,175877.40,Windham
Apr 2019,190598.97,193281.92,Windham
May 2019,201873.37,209173.73,Windham
Jun 2019,224366.07,223480.12,Windham
Jul 2019,217074.17,227556.94,Windham
Aug 2019,207538.61,220229.20,Windham
Sep 2019,207538.61,218438.04,Windham
Oct 2019,207538.61,219682.29,Windham
Nov 2019,205294.95,217399.37,Windham
Dec 2019,210062.73,216682.44,Windham
Jan 2020,206364.44,217128.70,Windham
Feb 2020,198331.46,208903.09,Windham
Mar 2020,217089.85,216756.50,Windham
Apr 2020,237111.35,234276.91,Windham
May 2020,241044.74,243806.15,Windham
Jun 2020,213289.40,232757.63,Windham
Jul 2020,244867.30,243821.03,Windham
Aug 2020,249299.30,276124.12,Windham
Sep 2020,251515.30,262120.27,Windham
Oct 2020,245975.30,262823.12,Windham
Nov 2020,254839.30,274174.65,Windham
Dec 2020,234895.40,259276.88,Windham
Jan 2021,216973.70,231693.40,Windham
Feb 2021,240258.65,256126.76,Windham
Mar 2021,238141.80,248413.83,Windham
Apr 2021,244492.25,255907.26,Windham
May 2021,238141.80,252473.62,Windham
Jun 2021,259839.20,270935.80,Windham
Jul 2021,275133.20,289984.63,Windham
Aug 2021,264602.00,278810.39,Windham
Sep 2021,264602.00,288567.15,Windham
Oct 2021,264602.00,280938.02,Windham
Nov 2021,268306.45,277760.62,Windham
Dec 2021,254018.00,258796.97,Windham
Jan 2022,240000.00,265245.36,Windham
Feb 2022,219950.00,239562.42,Windham
Mar 2022,241000.00,254514.68,Windham
Apr 2022,235000.00,245296.48,Windham
May 2022,270000.00,289861.73,Windham
Jun 2022,280000.00,298865.77,Windham
Jul 2022,269500.00,275570.17,Windham
Aug 2022,305000.00,312870.58,Windham
Sep 2022,265000.00,272930.62,Windham
Oct 2022,267750.00,280328.91,Windham
